Eind spel. Game over. Heel Ukraine in handen #Putin. #MSM en #Talkshows liegen ons voor. Luister en kijk naar commentator #FoxNews. Niet mijn vrienden. #NPO #RTL #Op1 #NPORadio1 #D66 #PVDA #DENK #VVD #Sjoersma #Piri #Omtzigt #SP #CDA #persconferentie #Rutte #Kaag #Hoekstra #jinek https://t.co/Iez84OEmmr,,,,,,,,,,,,,,,,,,,,,,,,,,,,,,,,,,,text
RT @GiBordo: #formatie #formatie2021 #formatiechaos #kaag #nosjournaal #rtlnieuws #op1 #jinek #Op1npo #Rutte4 https://t.co/WUMdO3zXrL,,,,,,,,,,,,,,,,,,,,,,,,,,,,,,,,,,,Eind spel. Game over. Heel Ukraine in handen #Putin. #MSM en #Talkshows liegen ons voor. Luister en kijk naar commentator #FoxNews. Niet mijn vrienden. #NPO #RTL #Op1 #NPORadio1 #D66 #PVDA #DENK #VVD #Sjoersma #Piri #Omtzigt #SP #CDA #persconferentie #Rutte #Kaag #Hoekstra #jinek https://t.co/Iez84OEmmr
BoerBurgerBeweging voor het eerst zichtbaar in de peilingen #eenvandaagdebat #EenVandaagverkiezingsdebat #eenvandaag #Jinek #Op1 https://t.co/6poJvDFpnO,,,,,,,,,,,,,,,,,,,,,,,,,,,,,,,,,,,RT @GiBordo: #formatie #formatie2021 #formatiechaos #kaag #nosjournaal #rtlnieuws #op1 #jinek #Op1npo #Rutte4 https://t.co/WUMdO3zXrL
Nieuw elan  Rutte , hahahhahaha  #jinek,,,,,,,,,,,,,,,,,,,,,,,,,,,,,,,,,,BoerBurgerBeweging voor het eerst zichtbaar in de peilingen #eenvandaagdebat #EenVandaagverkiezingsdebat #eenvandaag #Jinek #Op1 https://t.co/6poJvDFpnO
@MartijnK0ning Nooit meer zal ik kijken naar ook maar 1 optreden van je. Dat terwijl ik je ooit nog heb verdedigd na die oudejaarsconference die achteraf gezien inderdaad geen reet aan was. #martijnkoning #jinek,,,,,,,,,,,,,,,,,,,,,,,,,,,,,,,,,,,Nieuw elan  Rutte  hahahhahaha  #jinek
Jonge mensen op IC met zeer ernstige covid üëá  #jinek  #coronamaatregelen https://t.co/mSYbJhT0TA,,,,,,,,,,,,,,,,,,,,,,,,,,,,,,,,,,,@MartijnK0ning Nooit meer zal ik kijken naar ook maar 1 optreden van je. Dat terwijl ik je ooit nog heb verdedigd na die oudejaarsconference die achteraf gezien inderdaad geen reet aan was. #martijnkoning #jinek
RT @kritischalmelo: Een dikke geit die vindt dat niet gevaccineerden een verkeerde keuze maken #jinek,,,,,,,,,,,,,,,,,,,,,,,,,,,,,,,,,,,Jonge mensen op IC met zeer ernstige covid üëá  #jinek  #coronamaatregelen https://t.co/mSYbJhT0TA
De inflatie in de VS komt iets lager uit dan gedacht. http://t.co/e2zRj3CZHl #VS #inflatie,,,,,,,,,,,,,,,,,,,,,,,,,,,,,,,,,,,RT @kritischalmelo: Een dikke geit die vindt dat niet gevaccineerden een verkeerde keuze maken #jinek
Mijn video van 3 jaar geleden waarin ik waarschuw voor de economische ramp die op burgers afkomt door stijgende #energiekosten   #Oekraine vs #Rusland is slechte acceleratie van bestaand probleem  #inflatie #energiearmoede #prijzen #kosten #Rutte #Kaag   https://t.co/vNMGR27sDw,,,,,,,,,,,,,,,,,,,,,,,,,,,,,,,,,,,De inflatie in de VS komt iets lager uit dan gedacht. http://t.co/e2zRj3CZHl #VS #inflatie
@DeLo1973 @MartijnK0ning Tuurlijk. Dit is pure damage control. Welke politicus die niet past binnen gewenste plaatje van Eva en consorten wil anders nog aanschuiven bij #jinek?,,,,,,,,,,,,,,,,,,,,,,,,,,,,,,,,,,,Mijn video van 3 jaar geleden waarin ik waarschuw voor de economische ramp die op burgers afkomt door stijgende #energiekosten   #Oekraine vs #Rusland is slechte acceleratie van bestaand probleem  #inflatie #energiearmoede #prijzen #kosten #Rutte #Kaag   https://t.co/vNMGR27sDw
RT @varkensinnood: Telegraaf start een #poll over de #vleestaks. Stemmen jullie ook? https://t.co/CvBtPyfg7W https://t.co/fI83hRm59x,,,,,,,,,,,,,,,,,,,,,,,,,,,,,,,,,,,@DeLo1973 @MartijnK0ning Tuurlijk. Dit is pure damage control. Welke politicus die niet past binnen gewenste plaatje van Eva en consorten wil anders nog aanschuiven bij #jinek?
RT @muntverzamelaar: #inflatie  https://t.co/SAuebHawSb https://t.co/6ShxnyqWO8,,,,,,,,,,,,,,,,,,,,,,,,,,,,,,,,,,,RT @varkensinnood: Telegraaf start een #poll over de #vleestaks. Stemmen jullie ook? https://t.co/CvBtPyfg7W https://t.co/fI83hRm59x
@LavieJanRoos Misschien die kakkerlakken eens uitnodigen bij #BEAU of #JINEK of #OP1,,,,,,,,,,,,,,,,,,,,,,,,,,,,,,,,,,,RT @muntverzamelaar: #inflatie  https://t.co/SAuebHawSb https://t.co/6ShxnyqWO8
RT @ronald_brok: Corona misbruiken om de door Rutte 2, 3 en 4 veroorzaakte #woningnood #armoede #toeslagenaffaire #migratiecrisis #energiec‚Ä¶,,,,,,,,,,,,,,,,,,,,,,,,,,,,,,,,,,@LavieJanRoos Misschien die kakkerlakken eens uitnodigen bij #BEAU of #JINEK of #OP1
RT @antihufter: Schitterend van #Remkes !! Een paar zinnen en bij #jinek zitten ze met de bek vol tanden üòÇüòÇ Het roddelen en de aannames, pr‚Ä¶,,,,,,,,,,,,,,,,,,,,,,,,,,,,,,,,,,RT @ronald_brok: Corona misbruiken om de door Rutte 2 3 en 4 veroorzaakte #woningnood #armoede #toeslagenaffaire #migratiecrisis #energiec‚Ä¶
Un nou nivel record pentru euro √Æn raport cu leul: https://t.co/t9aomg70EI #inflatie #salariu #muiepsd,,,,,,,,,,,,,,,,,,,,,,,,,,,,,,,,,,,RT @antihufter: Schitterend van #Remkes !! Een paar zinnen en bij #jinek zitten ze met de bek vol tanden üòÇüòÇ Het roddelen en de aannames pr‚Ä¶
RT @Prikkel2016: #Jinek #formatie Nu de #Ruttedoctrine uitgewerkt is worden nu in een wanhopige laatste reddingspoging om #Rutte aan de mac‚Ä¶,,,,,,,,,,,,,,,,,,,,,,,,,,,,,,,,,,,Un nou nivel record pentru euro √Æn raport cu leul: https://t.co/t9aomg70EI #inflatie #salariu #muiepsd
RT @ZilteBotte: #jinek #fortuyn   Als ik Rutte was zou ik Baudet zwaar gaan beveiligen. Net als die jonge ex-moslima.  Het Nederland van Ru‚Ä¶,,,,,,,,,,,,,,,,,,,,,,,,,,,,,,,,,,,RT @Prikkel2016: #Jinek #formatie Nu de #Ruttedoctrine uitgewerkt is worden nu in een wanhopige laatste reddingspoging om #Rutte aan de mac‚Ä¶
oeh splintertje bij #jinek,,,,,,,,,,,,,,,,,,,,,,,,,,,,,,,,,,,RT @ZilteBotte: #jinek #fortuyn   Als ik Rutte was zou ik Baudet zwaar gaan beveiligen. Net als die jonge ex-moslima.  Het Nederland van Ru‚Ä¶
@peter_porto #jinek #media,,,,,,,,,,,,,,,,,,,,,,,,,,,,,,,,,,,oeh splintertje bij #jinek
RT @edwingr: Dus Agema vraagt zich af wat er in Nijmeijer‚Äôs hoofd ‚Äògevlogen‚Äô is. Maar een boek of zelfs interview waarmee we misschien iets‚Ä¶,,,,,,,,,,,,,,,,,,,,,,,,,,,,,,,,,,,@peter_porto #jinek #media
Aboutaleb for president! #jinek,,,,,,,,,,,,,,,,,,,,,,,,,,,,,,,,,,,RT @edwingr: Dus Agema vraagt zich af wat er in Nijmeijer‚Äôs hoofd ‚Äògevlogen‚Äô is. Maar een boek of zelfs interview waarmee we misschien iets‚Ä¶
Het geen feestneus, die #RaisaBlommestijn  #jinek,,,,,,,,,,,,,,,,,,,,,,,,,,,,,,,,,,Aboutaleb for president! #jinek
@marcelbar8 @UniLeiden Raisa heeft mij een tijdje geleden ook (na 1 tweet van mij) geblokkeerd.  Als je iedereen met een andere mening blokkeert, cre√´er je voor jezelf op Twitter uiteindelijk een schijnwereld waarin het lijkt of iedereen het met je eens is. De strategie van #forumtokkies. #jinek,,,,,,,,,,,,,,,,,,,,,,,,,,,,,,,,,,Het geen feestneus die #RaisaBlommestijn  #jinek
#coronapas #vaccinatiedwang #Pfizer #jinek https://t.co/RnEKahvp00,,,,,,,,,,,,,,,,,,,,,,,,,,,,,,,,,,,@marcelbar8 @UniLeiden Raisa heeft mij een tijdje geleden ook (na 1 tweet van mij) geblokkeerd.  Als je iedereen met een andere mening blokkeert cre√´er je voor jezelf op Twitter uiteindelijk een schijnwereld waarin het lijkt of iedereen het met je eens is. De strategie van #forumtokkies. #jinek
Wat een puinhoop dat gesprek tussen Nilufer G√ºndogan en het advocaten echtpaar Knoops enerzijds en Eva #jinek en Floor Bremer anderzijds.,,,,,,,,,,,,,,,,,,,,,,,,,,,,,,,,,,,#coronapas #vaccinatiedwang #Pfizer #jinek https://t.co/RnEKahvp00
Bijna 11.000 asielzoekers met VOORRANG een woning  Asielplicht zet gemeente klem: ‚ÄôDe rek is er gewoon uit‚Äô https://t.co/h8qmRxXIV5   #chansons #k2zoektk3 #migratie #veronicainside #nexit #nieuwsuur #Kaag #RutteIV #jinek #woningnood  #op1 #nosjournaal #lldl,,,,,,,,,,,,,,,,,,,,,,,,,,,,,,,,,,,Wat een puinhoop dat gesprek tussen Nilufer G√ºndogan en het advocaten echtpaar Knoops enerzijds en Eva #jinek en Floor Bremer anderzijds.
@s_v_d_m_ @MinPres @Minister_FIN Wereldwijde inflatie. Maar Rutte en Kaag hebben het gedaan.  Alleen maar om vanwege: elk scheetje goedkoop met de vinger naar het kabinet te wijzen, extreemrechts anti-overheid, een Rutte en Kaag obsessie .   #zetookdeknopom #gasprijs #benzineprijs #inflatie Jetten Raisa,,,,,,,,,,,,,,,,,,,,,,,,,,,,,,,,,Bijna 11.000 asielzoekers met VOORRANG een woning  Asielplicht zet gemeente klem: ‚ÄôDe rek is er gewoon uit‚Äô https://t.co/h8qmRxXIV5   #chansons #k2zoektk3 #migratie #veronicainside #nexit #nieuwsuur #Kaag #RutteIV #jinek #woningnood  #op1 #nosjournaal #lldl
@Realist50063598 #Humberto de mannelijke vorm van #Jinek,,,,,,,,,,,,,,,,,,,,,,,,,,,,,,,,,,,@s_v_d_m_ @MinPres @Minister_FIN Wereldwijde inflatie. Maar Rutte en Kaag hebben het gedaan.  Alleen maar om vanwege: elk scheetje goedkoop met de vinger naar het kabinet te wijzen extreemrechts anti-overheid
@hein_janssen 5 uit huis geplaatst en nu een stuk of 3 nog gekregen! Een pak condooms voor deze mevrouw!! #jinek,,,,,,,,,,,,,,,,,,,,,,,,,,,,,,,,,,,@Realist50063598 #Humberto de mannelijke vorm van #Jinek
RT @EelcoHoecke: 12% #inflatie.... En de #ECB blijft weigeren om fatsoenlijk monetair beleid te voeren..... Een enorme verarming van de #eu‚Ä¶,,,,,,,,,,,,,,,,,,,,,,,,,,,,,,,,,,,@hein_janssen 5 uit huis geplaatst en nu een stuk of 3 nog gekregen! Een pak condooms voor deze mevrouw!! #jinek
https://t.co/YIDOIS5oQT Fajah Lourens voert echt veel betere gesprekken dan #jinek oordeel zelf https://t.co/dpcMfrh6ue,,,,,,,,,,,,,,,,,,,,,,,,,,,,,,,,,,,RT @EelcoHoecke: 12% #inflatie.... En de #ECB blijft weigeren om fatsoenlijk monetair beleid te voeren..... Een enorme verarming van de #eu‚Ä¶
@RTLnieuws Kom maar deze kant op. #GroenLinks #D66 #CDA #CU schopt ouderen hun huis uit en dan kunnen de #vluchtelingen #asielzoekers erin.  #Eenvandaag #NOSJournaal #RTLNieuws #Nieuwsuur #DitisM #OP1 #HartvNL #HLF8 #BEAU #op1npo #WatUZegt #Jinek #rtlboulevard #WNLOpZondag #Buitenhof,,,,,,,,,,,,,,,,,,,,,,,,,,,,,,,,,,,https://t.co/YIDOIS5oQT Fajah Lourens voert echt veel betere gesprekken dan #jinek oordeel zelf https://t.co/dpcMfrh6ue
Is dat Ad Visser z'n zus of is hij dat zelf?  #jinek https://t.co/Ds6QMA5lxp,,,,,,,,,,,,,,,,,,,,,,,,,,,,,,,,,,,@RTLnieuws Kom maar deze kant op. #GroenLinks #D66 #CDA #CU schopt ouderen hun huis uit en dan kunnen de #vluchtelingen #asielzoekers erin.  #Eenvandaag #NOSJournaal #RTLNieuws #Nieuwsuur #DitisM #OP1 #HartvNL #HLF8 #BEAU #op1npo #WatUZegt #Jinek #rtlboulevard #WNLOpZondag #Buitenhof
@thierrybaudet @WybrenvanHaga moeten koffers pakken want Duitsland Impfpflicht Februari 2022 ,dan kan pinokkio  niet achter blijven. Waarheeeeeen . #eenvandaag #op1 #jinek #vvd #CDA #ChristenUnie SEKTE ,#d66 https://t.co/4WA9usDa8k,,,,,,,,,,,,,,,,,,,,,,,,,,,,,,,,,Is dat Ad Visser z'n zus of is hij dat zelf?  #jinek https://t.co/Ds6QMA5lxp
Afgelopen week bij #Jinek, hij weet niet of er 3, 4 of meer prikken nodig zijn, want werking is niet bekend. Maar politici zelfs oppositie partijen lopen gewoon mee in de mars van Hugo, gebruiken andere woorden maar zeggen hetzelfde  2/3 https://t.co/U6fbiJVhIO,,,,,,,,,,,,,,,,,,,,,,,,,,,,,,,@thierrybaudet @WybrenvanHaga moeten koffers pakken want Duitsland Impfpflicht Februari 2022 dan kan pinokkio  niet achter blijven. Waarheeeeeen . #eenvandaag #op1 #jinek #vvd #CDA #ChristenUnie SEKTE 
@fvdemocratie Januari 2021: #D66 12 zetels in peilingen.  Een met belastinggeld gefinancierde reclamefilm/serenade voor #kaag verschijnt op de #vpro.   Kaag in elke talkshow bij o.a. #Jinek  Maart 2021: 24 zetels.  Dit is kiezersmanipulatie pur sang.  #fvd #pvv,,,,,,,,,,,,,,,,,,,,,,,,,,,,,,,,,,,Afgelopen week bij #Jinek hij weet niet of er 3
#jinek https://t.co/GwLj4XPtuw,,,,,,,,,,,,,,,,,,,,,,,,,,,,,,,,,,,@fvdemocratie Januari 2021: #D66 12 zetels in peilingen.  Een met belastinggeld gefinancierde reclamefilm/serenade voor #kaag verschijnt op de #vpro.   Kaag in elke talkshow bij o.a. #Jinek  Maart 2021: 24 zetels.  Dit is kiezersmanipulatie pur sang.  #fvd #pvv
Maar wel met de #PVV 1,2 miljoen kiezers, binnen een maand nieuw kabinet . #op1 #jinek #VVD #cda #ja21 #FVD en als toetje geen farizee√´rs #christenunie , maar broeder @keesvdstaaij  #SGP. Ga heen in vrede en ontvang de zegen van de Heere. De Heere zegen en behoede U. Amen. https://t.co/nCBOof01r0,,,,,,,,,,,,,,,,,,,,,,,,,,,,,,,,#jinek https://t.co/GwLj4XPtuw
@Esther_de_Lange @hugodejonge @RuurdUbels @ndnl Corona-Waanzin van de Fascist Hugo de Jonge  Jonge gezonde moeder sterft door vaccin... Neem GEEN vaccin ! Levensgevaarlijk ! https://t.co/WvVAvWhEuL #nosjournaal #nieuwsuur #op1 #jinek @nieuwsuur  @ewaldeng @woukevscherrenb @EricChrSmit @RenskeLeijten @mariannezw @KeesvdPijl1,,,,,,,,,,,,,,,,,,,,,,,,,,,,,,,,,,,Maar wel met de #PVV 12 miljoen kiezers
RT @FamThrax: @Veldhorst__W @PietLekkerkerk Het zou #jinek sieren om bij aanvang van het nieuwe seizoen in de eerste uitzending excuses aan‚Ä¶,,,,,,,,,,,,,,,,,,,,,,,,,,,,,,,,,,,@Esther_de_Lange @hugodejonge @RuurdUbels @ndnl Corona-Waanzin van de Fascist Hugo de Jonge  Jonge gezonde moeder sterft door vaccin... Neem GEEN vaccin ! Levensgevaarlijk ! https://t.co/WvVAvWhEuL #nosjournaal #nieuwsuur #op1 #jinek @nieuwsuur  @ewaldeng @woukevscherrenb @EricChrSmit @RenskeLeijten @mariannezw @KeesvdPijl1
@LavieJanRoos Fleur zat de boel weer lekker in te masseren ‚Ä¶ Journaliste noemt zich dat ‚Ä¶ Laaf van het kabinet #jinek,,,,,,,,,,,,,,,,,,,,,,,,,,,,,,,,,,,RT @FamThrax: @Veldhorst__W @PietLekkerkerk Het zou #jinek sieren om bij aanvang van het nieuwe seizoen in de eerste uitzending excuses aan‚Ä¶
@rickniehof @ruthdevries @Fromdamountain Die hele uitzending was en de foto is toch een hatelijke hetze gericht tegen migranten (blijkbaar alleen #MvK en niet #Jinek zelf) paradoxaal gefaciliteerd door witte immigrant Jinekü§ï,,,,,,,,,,,,,,,,,,,,,,,,,,,,,,,,,,,@LavieJanRoos Fleur zat de boel weer lekker in te masseren ‚Ä¶ Journaliste noemt zich dat ‚Ä¶ Laaf van het kabinet #jinek
Nederland word wakker onze @MinPres kijkt weg voor de kinderen die uit huis zijn geplaatst, maar naar aandringen van verslaggever van #RTL zegt hij er toch iets kort over. Waar is je ‚ù§ #Rutte ?  #toeslagenaffaire #jinek,,,,,,,,,,,,,,,,,,,,,,,,,,,,,,,,,,@rickniehof @ruthdevries @Fromdamountain Die hele uitzending was en de foto is toch een hatelijke hetze gericht tegen migranten (blijkbaar alleen #MvK en niet #Jinek zelf) paradoxaal gefaciliteerd door witte immigrant Jinekü§ï
Die #Corona is toch wel een goeie afleiding van de #gasprijzen. Lekker het #klimaat redden. Terwijl er een pandemie aan de gang is.  #hugodejonge had natuurlijk ook gewoon eerder in kunnen grijpen. En #VVD #CDA #D66 #GL #PvdA #Jinek #Op1,,,,,,,,,,,,,,,,,,,,,,,,,,,,,,,,,,,Nederland word wakker onze @MinPres kijkt weg voor de kinderen die uit huis zijn geplaatst maar naar aandringen van verslaggever van #RTL zegt hij er toch iets kort over. Waar is je ‚ù§ #Rutte ?  #toeslagenaffaire #jinek
@ewmagazinenl @ZihniOzdil #jinek is domweg een woordvoerster voor de #kaag brigades‚Ä¶,,,,,,,,,,,,,,,,,,,,,,,,,,,,,,,,,,,Die #Corona is toch wel een goeie afleiding van de #gasprijzen. Lekker het #klimaat redden. Terwijl er een pandemie aan de gang is.  #hugodejonge had natuurlijk ook gewoon eerder in kunnen grijpen. En #VVD #CDA #D66 #GL #PvdA #Jinek #Op1
Onvoldoende? Zijn die plannen om de klimaatdoelen te halen onvoldoende?  NEE!! het zijn de VERKEERDE!!  #KhalidEnSophie #jinek #Op1  #klimaatleiderschap #klimaathysterie #klimaat https://t.co/VuuPU1YtNT,,,,,,,,,,,,,,,,,,,,,,,,,,,,,,,,,,,@ewmagazinenl @ZihniOzdil #jinek is domweg een woordvoerster voor de #kaag brigades‚Ä¶
#Giro555 #radio555 #Oekraine #op1 #jinek Blinken,minister van buitenlandse zaken van Amerika is van het hetzelfde niveau #Ollongren.Wat een lichtgewicht! Gezien ,tijdens hearings over het Afghanistan debacle! Werd als een kind in de hoek gezet! Nu moet ie een WW3 voorkomen Omg üôèüèª,,,,,,,,,,,,,,,,,,,,,,,,,,,,,,,,,Onvoldoende? Zijn die plannen om de klimaatdoelen te halen onvoldoende?  NEE!! het zijn de VERKEERDE!!  #KhalidEnSophie #jinek #Op1  #klimaatleiderschap #klimaathysterie #klimaat https://t.co/VuuPU1YtNT
#jinek #VIVandaag Ik durf zelfs te wedden dat als NL massaal zou kiezen op #tagi die nu vast zit in de EBI dat ze hem als minister president zouden willen. De jongen heeft een imperium gebouwd. kan dus regeren. Rutte daarentegen heeft een land kapot gemaakt is ongeschikt x,,,,,,,,,,,,,,,,,,,,,,,,,,,,,,,,,,,#Giro555 #radio555 #Oekraine #op1 #jinek Blinkenminister van buitenlandse zaken van Amerika is van het hetzelfde niveau #Ollongren.Wat een lichtgewicht! Gezien 
RT @abflipse: Geen speld tussen te krijgen. De uit de hand gelopen #inflatie is door 'democratisch' gekozen politici en bestuurders gecre√´e‚Ä¶,,,,,,,,,,,,,,,,,,,,,,,,,,,,,,,,,,,#jinek #VIVandaag Ik durf zelfs te wedden dat als NL massaal zou kiezen op #tagi die nu vast zit in de EBI dat ze hem als minister president zouden willen. De jongen heeft een imperium gebouwd. kan dus regeren. Rutte daarentegen heeft een land kapot gemaakt is ongeschikt x
https://t.co/07hqpYPK2m  #HotspotAsia #IMPACTonAXSTV #TheBlacklist #WheelOfTime #DragRaceUK #ShutDownCanada #Legacies #dockersunited #tribunaal #Jinek #LegalisierungKOMMT #DankeWieler #Infektionsschutzgesetz #Lanz,,,,,,,,,,,,,,,,,,,,,,,,,,,,,,,,,,,RT @abflipse: Geen speld tussen te krijgen. De uit de hand gelopen #inflatie is door 'democratisch' gekozen politici en bestuurders gecre√´e‚Ä¶
#update #verkiezingstabel #thierrybaudet #fvd #lijst30 #willemengel #vrijheid #dictatuuur #totalitair #fascisme #genocide #jinek #engnek #martijn #koning  (Delen, delen, delen)üëá https://t.co/WjmOjyGvme,,,,,,,,,,,,,,,,,,,,,,,,,,,,,,,,,https://t.co/07hqpYPK2m  #HotspotAsia #IMPACTonAXSTV #TheBlacklist #WheelOfTime #DragRaceUK #ShutDownCanada #Legacies #dockersunited #tribunaal #Jinek #LegalisierungKOMMT #DankeWieler #Infektionsschutzgesetz #Lanz
erg charmant om een zeer ge√´motioneerde gast direct te confronteren met een foto van haar trauma, een springende man op 9.11  ‚Äòoh, je bedoelt deze‚Äô  #jinek,,,,,,,,,,,,,,,,,,,,,,,,,,,,,,,,,#update #verkiezingstabel #thierrybaudet #fvd #lijst30 #willemengel #vrijheid #dictatuuur #totalitair #fascisme #genocide #jinek #engnek #martijn #koning  (Delen delen
#jinek Knip Ferwerda.,,,,,,,,,,,,,,,,,,,,,,,,,,,,,,,,,,,erg charmant om een zeer ge√´motioneerde gast direct te confronteren met een foto van haar trauma een springende man op 9.11  ‚Äòoh
Wilders die populistisch aan het rellen is door Sigrid Kaag verrader te noemen laat duidelijk zien dat hij geen enkel beeld heeft van hoe op te treden in het internationale politieke speelveld. Moet voorlopig maar blijven schreeuwen aan de zijlijn, volledig ongeschikt #jinek,,,,,,,,,,,,,,,,,,,,,,,,,,,,,,,,,,#jinek Knip Ferwerda.
Hoe kan je als ongevaccineerde nu nog zeggen dat je geen prik wil, als je een verhaal zoals dit gehoord hebt?  #laatjevaccineren #haaldieprik  #Jinek https://t.co/4PPnnq3hG0,,,,,,,,,,,,,,,,,,,,,,,,,,,,,,,,,,Wilders die populistisch aan het rellen is door Sigrid Kaag verrader te noemen laat duidelijk zien dat hij geen enkel beeld heeft van hoe op te treden in het internationale politieke speelveld. Moet voorlopig maar blijven schreeuwen aan de zijlijn volledig ongeschikt #jinek
#Jinek -met afgrijzen kijken naar een mevrouw die ware dingen zegt over radicaal religieus extremistische uitingen, en keuvelend een vuige terroriste ontmaagdingsanekdotjes bevragen.,,,,,,,,,,,,,,,,,,,,,,,,,,,,,,,,,,Hoe kan je als ongevaccineerde nu nog zeggen dat je geen prik wil als je een verhaal zoals dit gehoord hebt?  #laatjevaccineren #haaldieprik  #Jinek https://t.co/4PPnnq3hG0
RT @GdenAantrekker: De Haagse bubbel gruwt van de nuchtere boerin #jinek,,,,,,,,,,,,,,,,,,,,,,,,,,,,,,,,,,,#Jinek -met afgrijzen kijken naar een mevrouw die ware dingen zegt over radicaal religieus extremistische uitingen en keuvelend een vuige terroriste ontmaagdingsanekdotjes bevragen.
#jinek Nou, Sylvana, je moet wel blijven eten hoor. 4 jaar in de kamer gaat aan je vreten.,,,,,,,,,,,,,,,,,,,,,,,,,,,,,,,,,RT @GdenAantrekker: De Haagse bubbel gruwt van de nuchtere boerin #jinek
@fvkwnl wat dacht je van minder geld voor klimaatplannetjes #jinek,,,,,,,,,,,,,,,,,,,,,,,,,,,,,,,,,,,#jinek Nou Sylvana
RT @johoshakai: #jinek de druk op de zorg is afgenomen omdat het zomer is, vorig jaar zomer was er ook geen druk op de zorg. ZONDER Vaccin!,,,,,,,,,,,,,,,,,,,,,,,,,,,,,,,,,,@fvkwnl wat dacht je van minder geld voor klimaatplannetjes #jinek
@thierrybaudet  en @fvdemocratie wees extra voorzichtig en tref maatregelen. Na het doortrapte, hatelijke en walgelijke vertoon door die #martijnkoning is er een gevaarlijk klimaat gecre√´erd bij #jinek Je leven staat op het spel en zij bij #jinek hebben daar debet aan. #StemFVD,,,,,,,,,,,,,,,,,,,,,,,,,,,,,,,,,,RT @johoshakai: #jinek de druk op de zorg is afgenomen omdat het zomer is vorig jaar zomer was er ook geen druk op de zorg. ZONDER Vaccin!
Wat vindt jij?  #rellen #Demonstreren  #HugoKreegEenZoutoplossing #baudethadgelijk #2GRegel #2Gweigeraar #QRterreur #lockdown #Nieuwsuur #jinek #op1 #Geweld #tribunaal #codezwart #nieuweverkiezingen,,,,,,,,,,,,,,,,,,,,,,,,,,,,,,,,,,,@thierrybaudet  en @fvdemocratie wees extra voorzichtig en tref maatregelen. Na het doortrapte hatelijke en walgelijke vertoon door die #martijnkoning is er een gevaarlijk klimaat gecre√´erd bij #jinek Je leven staat op het spel en zij bij #jinek hebben daar debet aan. #StemFVD
Voor overschreeuwen en gillen moet je toch echt bij #Jinek zijn https://t.co/5gDTg6hRvN,,,,,,,,,,,,,,,,,,,,,,,,,,,,,,,,,,,Wat vindt jij?  #rellen #Demonstreren  #HugoKreegEenZoutoplossing #baudethadgelijk #2GRegel #2Gweigeraar #QRterreur #lockdown #Nieuwsuur #jinek #op1 #Geweld #tribunaal #codezwart #nieuweverkiezingen
RT @the_pronouncer: @PVoortuin @wierdduk @Jinek_RTL #Jinek is zelf onderdeel, of misschien wel aanstichtster, van het probleem. Ze voert de‚Ä¶,,,,,,,,,,,,,,,,,,,,,,,,,,,,,,,,,Voor overschreeuwen en gillen moet je toch echt bij #Jinek zijn https://t.co/5gDTg6hRvN
@marcelbar8 De zorgbestuurders hebben 20 maanden niets gedaan. Ja 75 x aanschuiven bij de praatshows. #jinek #Op1,,,,,,,,,,,,,,,,,,,,,,,,,,,,,,,,,,,RT @the_pronouncer: @PVoortuin @wierdduk @Jinek_RTL #Jinek is zelf onderdeel of misschien wel aanstichtster
#Inflatie eurozone loopt ook in april iets op   http://t.co/tikfJLglyl,,,,,,,,,,,,,,,,,,,,,,,,,,,,,,,,,,,@marcelbar8 De zorgbestuurders hebben 20 maanden niets gedaan. Ja 75 x aanschuiven bij de praatshows. #jinek #Op1
RT @Wifi73564557: Goh wat is links zo aardig en vriendelijk bij #jinek. Geen beschuldigingen, geen geschreeuw van Jinek en die andere muts‚Ä¶,,,,,,,,,,,,,,,,,,,,,,,,,,,,,,,,,,#Inflatie eurozone loopt ook in april iets op   http://t.co/tikfJLglyl
Eindelijk komt het #nosjournaal met het nieuws dat het niet alleen om ongevacineerde gaat die in het ziekenhuis belanden. üòÇü§£üòÇ#coronadebat #Op1npo #Jinek,,,,,,,,,,,,,,,,,,,,,,,,,,,,,,,,,,,RT @Wifi73564557: Goh wat is links zo aardig en vriendelijk bij #jinek. Geen beschuldigingen geen geschreeuw van Jinek en die andere muts‚Ä¶
En dat lukt de @ecb maar niet. Doe NL een #Nexit en we zitten zo aan de gewenste #inflatie https://t.co/NkL5VlLb7l,,,,,,,,,,,,,,,,,,,,,,,,,,,,,,,,,,,Eindelijk komt het #nosjournaal met het nieuws dat het niet alleen om ongevacineerde gaat die in het ziekenhuis belanden. üòÇü§£üòÇ#coronadebat #Op1npo #Jinek
@Jinek_RTL @Peter_vd_Voort Geen verschil met vorig jaar terwijl er nu zoals ze zelf zeggen 85% van de mensen gevaccineerd is‚Ä¶.üßê#jinek #coronapas #coronamaatregelen https://t.co/D41YSRxmua,,,,,,,,,,,,,,,,,,,,,,,,,,,,,,,,,,,En dat lukt de @ecb maar niet. Doe NL een #Nexit en we zitten zo aan de gewenste #inflatie https://t.co/NkL5VlLb7l
Feels like me tweets are getting #twitter censored again after I've been hating a little tiny bit on the $ECB and the #european #elite  #inflatie #inflazione #inflaci√≥n #≈üi≈üirme #inflacja $EUR $ECB,,,,,,,,,,,,,,,,,,,,,,,,,,,,,,,,,,,@Jinek_RTL @Peter_vd_Voort Geen verschil met vorig jaar terwijl er nu zoals ze zelf zeggen 85% van de mensen gevaccineerd is‚Ä¶.üßê#jinek #coronapas #coronamaatregelen https://t.co/D41YSRxmua
#Spaargeld verdwijnt door #inflatie en lage rente http://t.co/kH3YNJzGoK,,,,,,,,,,,,,,,,,,,,,,,,,,,,,,,,,,,Feels like me tweets are getting #twitter censored again after I've been hating a little tiny bit on the $ECB and the #european #elite  #inflatie #inflazione #inflaci√≥n #≈üi≈üirme #inflacja $EUR $ECB
FITTTYYYY #Jinek,,,,,,,,,,,,,,,,,,,,,,,,,,,,,,,,,,,#Spaargeld verdwijnt door #inflatie en lage rente http://t.co/kH3YNJzGoK
https://t.co/EvGbAStbsm Operaties kunnen niet meer doorgaan en chemokuren worden gestopt. IC-baas Diederik Gommers vertelt over het huidige probleem. #jinek,,,,,,,,,,,,,,,,,,,,,,,,,,,,,,,,,,,FITTTYYYY #Jinek
Roethof doet zijn werk en vast goed, maar de toon en houding zijn behoorlijk ergeniswekkend. üòÖ #Jinek,,,,,,,,,,,,,,,,,,,,,,,,,,,,,,,,,,https://t.co/EvGbAStbsm Operaties kunnen niet meer doorgaan en chemokuren worden gestopt. IC-baas Diederik Gommers vertelt over het huidige probleem. #jinek
Verstandige woorden van #Aboutaleb bij #jinek er is geen excuus een politieman te willen aan te vallen/doden. Zo simpel is het #coronaprotest,,,,,,,,,,,,,,,,,,,,,,,,,,,,,,,,,,,Roethof doet zijn werk en vast goed maar de toon en houding zijn behoorlijk ergeniswekkend. üòÖ #Jinek
RT @oakentersagain: Verschrikkelijk üëÄüò≥ü§Æü§Æ Klapvee #zelenski #vleestaks #Zelensky #tweedekamer #sneeuw https://t.co/rp3Roxupu5,,,,,,,,,,,,,,,,,,,,,,,,,,,,,,,,,,,Verstandige woorden van #Aboutaleb bij #jinek er is geen excuus een politieman te willen aan te vallen/doden. Zo simpel is het #coronaprotest
Hallo Jumbo! De koek te heet gebakken?  #shrinkflation #consumentenbond #inflatie #jumbo https://t.co/kKuNl3yvPv,,,,,,,,,,,,,,,,,,,,,,,,,,,,,,,,,,,RT @oakentersagain: Verschrikkelijk üëÄüò≥ü§Æü§Æ Klapvee #zelenski #vleestaks #Zelensky #tweedekamer #sneeuw https://t.co/rp3Roxupu5
Zit je dan met je aangifte #jinek https://t.co/aBCKa9G82c,,,,,,,,,,,,,,,,,,,,,,,,,,,,,,,,,,,Hallo Jumbo! De koek te heet gebakken?  #shrinkflation #consumentenbond #inflatie #jumbo https://t.co/kKuNl3yvPv
RT @BasedMadocke: Thierry moet vaker woest worden. Ze willen niet luisteren naar een gematigde uitleg. Ze willen sowieso niet naar onze kan‚Ä¶,,,,,,,,,,,,,,,,,,,,,,,,,,,,,,,,,,,Zit je dan met je aangifte #jinek https://t.co/aBCKa9G82c
#nosjournaal #nieuwsuur #op1 #jinek #rtlnieuws @nieuwsuur @op1npo @Jinek_RTL @RTLnieuws @ewaldeng @KeesvdPijl1 @RenskeLeijten @mariannezw @leondewinter @mrtbollen @EricChrSmit @woukevscherrenb @MarijnissenL @Yoerialbrecht @obk @jortkelder https://t.co/qSlEeMEdzl,,,,,,,,,,,,,,,,,,,,,,,,,,,,,,,,,,,RT @BasedMadocke: Thierry moet vaker woest worden. Ze willen niet luisteren naar een gematigde uitleg. Ze willen sowieso niet naar onze kan‚Ä¶
@Jordjuh_ @thierrybaudet Azarkan werd ook continu onderbroken, wat een waardeloze 'presentatrice' #jinek,,,,,,,,,,,,,,,,,,,,,,,,,,,,,,,,,,#nosjournaal #nieuwsuur #op1 #jinek #rtlnieuws @nieuwsuur @op1npo @Jinek_RTL @RTLnieuws @ewaldeng @KeesvdPijl1 @RenskeLeijten @mariannezw @leondewinter @mrtbollen @EricChrSmit @woukevscherrenb @MarijnissenL @Yoerialbrecht @obk @jortkelder https://t.co/qSlEeMEdzl
@michielphaff Je hebt managers die mensen managen en managers die processen managen ... #verwarrend #inflatie @MarijeTeerling @CobyFranken,,,,,,,,,,,,,,,,,,,,,,,,,,,,,,,,,,,@Jordjuh_ @thierrybaudet Azarkan werd ook continu onderbroken wat een waardeloze 'presentatrice' #jinek
Zeer goed en genuanceerd artikel. Lees.dit nu eens voor de juiste informatie en nuance! #Jinek https://t.co/EMaaUxwnPj,,,,,,,,,,,,,,,,,,,,,,,,,,,,,,,,,,,@michielphaff Je hebt managers die mensen managen en managers die processen managen ... #verwarrend #inflatie @MarijeTeerling @CobyFranken
Ikke politiek Bij1?  #jinek,,,,,,,,,,,,,,,,,,,,,,,,,,,,,,,,,,,Zeer goed en genuanceerd artikel. Lees.dit nu eens voor de juiste informatie en nuance! #Jinek https://t.co/EMaaUxwnPj
@thierrybaudet ‚Äò er is een stevige griepgolf geweest‚Äô ‚Ä¶wat een debiel #jinek,,,,,,,,,,,,,,,,,,,,,,,,,,,,,,,,,,,Ikke politiek Bij1?  #jinek
Staat @lientje1967 ook op die kalender? Ik vraag dit voor een vriend #boeren #jinek,,,,,,,,,,,,,,,,,,,,,,,,,,,,,,,,,,,@thierrybaudet ‚Äò er is een stevige griepgolf geweest‚Äô ‚Ä¶wat een debiel #jinek
Achmed Aboutaleb #Aboutaleb geweldige man #jinek,,,,,,,,,,,,,,,,,,,,,,,,,,,,,,,,,,,Staat @lientje1967 ook op die kalender? Ik vraag dit voor een vriend #boeren #jinek
Guus Hiddink bij #jinek over Squid Game / Zuid-Korea...  Mijn hemel üò≠üò≠üò≠,,,,,,,,,,,,,,,,,,,,,,,,,,,,,,,,,,,Achmed Aboutaleb #Aboutaleb geweldige man #jinek
Als ik een debat Wilders -Kaag interssant vind hoeft het niet zo te zijn dat ik op 1 van beide stem #jinek,,,,,,,,,,,,,,,,,,,,,,,,,,,,,,,,,,,Guus Hiddink bij #jinek over Squid Game / Zuid-Korea...  Mijn hemel üò≠üò≠üò≠
RT @kleinmaarfine: En het is w√©√©r 2 tegen 1  aan tafel + Eva zelf, over vaccineren en de cijfers bij #jinek  Go @lientje1967! üôè Goed hoe ze‚Ä¶,,,,,,,,,,,,,,,,,,,,,,,,,,,,,,,,,,Als ik een debat Wilders -Kaag interssant vind hoeft het niet zo te zijn dat ik op 1 van beide stem #jinek
Regering heeft verkeerde grote kuil gegraven, dezelfde regering moet kuil dicht gooien alleen komen ze grond tekort en wie zegt dan we stoppen ermee ?#jinek,,,,,,,,,,,,,,,,,,,,,,,,,,,,,,,,,,RT @kleinmaarfine: En het is w√©√©r 2 tegen 1  aan tafel + Eva zelf over vaccineren en de cijfers bij #jinek  Go @lientje1967! üôè Goed hoe ze‚Ä¶
@PietLekkerkerk Ben benieuwd of en wanneer #Jinek hierover gaat berichten. @Jinek_RTL,,,,,,,,,,,,,,,,,,,,,,,,,,,,,,,,,,,Regering heeft verkeerde grote kuil gegraven dezelfde regering moet kuil dicht gooien alleen komen ze grond tekort en wie zegt dan we stoppen ermee ?#jinek
Politiek is steeds meer als sport. Uitroepen van winnaars en verliezers. Voorbesprekingen over de opstelling. Nabesprekingen over het spel en strategie.   Met #Jinek en #Op1 als Studio Voetbal en Veronica Inside.   #TK2021 #nederlandKiest,,,,,,,,,,,,,,,,,,,,,,,,,,,,,,,,,,,@PietLekkerkerk Ben benieuwd of en wanneer #Jinek hierover gaat berichten. @Jinek_RTL
#jinek wint vanavond talkshowoorlog. Vanwege haar  #irene #ireneschouten #schaatsgodin https://t.co/BxgOas3ZM7,,,,,,,,,,,,,,,,,,,,,,,,,,,,,,,,,,,Politiek is steeds meer als sport. Uitroepen van winnaars en verliezers. Voorbesprekingen over de opstelling. Nabesprekingen over het spel en strategie.   Met #Jinek en #Op1 als Studio Voetbal en Veronica Inside.   #TK2021 #nederlandKiest
Huurverhoging #woningcorporaties houdt gelijke tred met #inflatie https://t.co/bIoRIE77io via @aedesnet #betaalbaarheid,,,,,,,,,,,,,,,,,,,,,,,,,,,,,,,,,,,#jinek wint vanavond talkshowoorlog. Vanwege haar  #irene #ireneschouten #schaatsgodin https://t.co/BxgOas3ZM7
RT @demo_demo_nl: #Inflatie in beeld. Vandaag gespot op de toonbank van een bakkerij. 8% verhoging van de prijzen van alledaagse voedingsmi‚Ä¶,,,,,,,,,,,,,,,,,,,,,,,,,,,,,,,,,,,Huurverhoging #woningcorporaties houdt gelijke tred met #inflatie https://t.co/bIoRIE77io via @aedesnet #betaalbaarheid
Waarom zou je voorkomen dat heel veel mensen ernstig ziek worden middels vaccinatie, terwijl je ook gewoon met tiendubbele IC capaciteit diezelfden in korte tijd door de gehaktmolen kan draaien?  #Jinek,,,,,,,,,,,,,,,,,,,,,,,,,,,,,,,,,,RT @demo_demo_nl: #Inflatie in beeld. Vandaag gespot op de toonbank van een bakkerij. 8% verhoging van de prijzen van alledaagse voedingsmi‚Ä¶
Altijd al fan geweest van @vkoblenko üçÄ #jinek,,,,,,,,,,,,,,,,,,,,,,,,,,,,,,,,,,,Waarom zou je voorkomen dat heel veel mensen ernstig ziek worden middels vaccinatie terwijl je ook gewoon met tiendubbele IC capaciteit diezelfden in korte tijd door de gehaktmolen kan draaien?  #Jinek
Mensen denken dat dit geen Derde Wereldoorlog kan triggeren, maar ik denk dat we aan de vooravond staan van een atoomoorlog. Het Westen kan het zich gewoonweg niet permiteren om Oekra√Øne aan zijn lot over te laten, ook al is het geen NAVO-lid. #Jinek #Op1 #VIVandaag,,,,,,,,,,,,,,,,,,,,,,,,,,,,,,,,,Altijd al fan geweest van @vkoblenko üçÄ #jinek
@WybrenvanHaga !! Testen testen testen was het fucking ENIGE wat je had moeten roepen. Iedereen laten testen! Weg polarisatie en je haalt direct een besmetting eruit, overal. Het is godverdomme toch te droef voor woorden dit. #jinek,,,,,,,,,,,,,,,,,,,,,,,,,,,,,,,,,,Mensen denken dat dit geen Derde Wereldoorlog kan triggeren maar ik denk dat we aan de vooravond staan van een atoomoorlog. Het Westen kan het zich gewoonweg niet permiteren om Oekra√Øne aan zijn lot over te laten
Niemand kan zo mooi over sport praten als Mart Smeets #Jinek,,,,,,,,,,,,,,,,,,,,,,,,,,,,,,,,,,,@WybrenvanHaga !! Testen testen testen was het fucking ENIGE wat je had moeten roepen. Iedereen laten testen! Weg polarisatie en je haalt direct een besmetting eruit overal. Het is godverdomme toch te droef voor woorden dit. #jinek
#jinek . Coronapas....auswei√ü bitte. Ongevaccineerden nicht gew√ºnscht. Binnenkort worden ongevaccineerden getatoe√´erd.,,,,,,,,,,,,,,,,,,,,,,,,,,,,,,,,,,,Niemand kan zo mooi over sport praten als Mart Smeets #Jinek
.Figuren als @ajboekestijn en @rudybouma denken dat de waarheid‚Äôn aan- en uit knop heeft door o.a mij te blocken.  DE WAARHEID ZAL JULLIE LEUGENS ACHTERHALEN !  VACCINATIE IS NIET VEILIG !  @robdewijk #BoekestijnEnDeWijk #Nieuwsuur #Jinek #mRNA #DeNieuweWereld #Covid #Corona #BNR https://t.co/EFkmQokhN7,,,,,,,,,,,,,,,,,,,,,,,,,,,,,,,,,,,#jinek . Coronapas....auswei√ü bitte. Ongevaccineerden nicht gew√ºnscht. Binnenkort worden ongevaccineerden getatoe√´erd.
John, kun je het kort houden vanavond @Jinek_RTL #Jinek,,,,,,,,,,,,,,,,,,,,,,,,,,,,,,,,,,.Figuren als @ajboekestijn en @rudybouma denken dat de waarheid‚Äôn aan- en uit knop heeft door o.a mij te blocken.  DE WAARHEID ZAL JULLIE LEUGENS ACHTERHALEN !  VACCINATIE IS NIET VEILIG !  @robdewijk #BoekestijnEnDeWijk #Nieuwsuur #Jinek #mRNA #DeNieuweWereld #Covid #Corona #BNR https://t.co/EFkmQokhN7
Onbegrijpelijk hoe #Jinek in de discussie over #Corona staat. Het feit dat ze deze populistische #Haga een platform geeft, na t op t schild hijsen van #Baudet doet vermoeden dat #Jinek de spreekbuis van extreem rechts is geworden. https://t.co/OvLswLULM9,,,,,,,,,,,,,,,,,,,,,,,,,,,,,,,,,,John kun je het kort houden vanavond @Jinek_RTL #Jinek
W√©rkelijk! Hoe vaak is #jinek de laatste tijd wel niet te gast geweest bij Joost Eerdmans!?,,,,,,,,,,,,,,,,,,,,,,,,,,,,,,,,,,,Onbegrijpelijk hoe #Jinek in de discussie over #Corona staat. Het feit dat ze deze populistische #Haga een platform geeft na t op t schild hijsen van #Baudet doet vermoeden dat #Jinek de spreekbuis van extreem rechts is geworden. https://t.co/OvLswLULM9
RT @EvertGDavelaar: Vraagje, @MinPres en @SigridKaag:  Waarom is #tanken in Duitsland en Belgie zoveel goedkoper dan in Nederland? Daar gaa‚Ä¶,,,,,,,,,,,,,,,,,,,,,,,,,,,,,,,,,,W√©rkelijk! Hoe vaak is #jinek de laatste tijd wel niet te gast geweest bij Joost Eerdmans!?
Pensiile si salariile vor fi indexate cu rata inflatiei in 2014: http://t.co/IJlD8OVfGC #pensii #inflatie #stiri #psd,,,,,,,,,,,,,,,,,,,,,,,,,,,,,,,,,,,RT @EvertGDavelaar: Vraagje @MinPres en @SigridKaag:  Waarom is #tanken in Duitsland en Belgie zoveel goedkoper dan in Nederland? Daar gaa‚Ä¶
RT @EvertGDavelaar: Vraagje, @MinPres en @SigridKaag:  Waarom is #tanken in Duitsland en Belgie zoveel goedkoper dan in Nederland? Daar gaa‚Ä¶,,,,,,,,,,,,,,,,,,,,,,,,,,,,,,,,,,Pensiile si salariile vor fi indexate cu rata inflatiei in 2014: http://t.co/IJlD8OVfGC #pensii #inflatie #stiri #psd
RT @mathilde_lala: @JWVandergiesse1 @Spaardam11 @Kees71234 #asieldwang #vaccindwang #orgaanroof #inflatie #pensioenroof #burgerhaat #vliegt‚Ä¶,,,,,,,,,,,,,,,,,,,,,,,,,,,,,,,,,,,RT @EvertGDavelaar: Vraagje @MinPres en @SigridKaag:  Waarom is #tanken in Duitsland en Belgie zoveel goedkoper dan in Nederland? Daar gaa‚Ä¶
Ik had misschien wel liever Erica Meiland, als lijstduwer van Partij voor de Inwoner, nu bij #Jinek  gezien over de gemeenteraadsverkiezingen dan Klaas Dijkhof. Omdat het gesprek steeds weer naar landelijke onderwerpen gaat.,,,,,,,,,,,,,,,,,,,,,,,,,,,,,,,,,RT @mathilde_lala: @JWVandergiesse1 @Spaardam11 @Kees71234 #asieldwang #vaccindwang #orgaanroof #inflatie #pensioenroof #burgerhaat #vliegt‚Ä¶
RT @van9t5: #van9tot5 #cartoon #inflatie #inflation #god https://t.co/D1fQTatnGc,,,,,,,,,,,,,,,,,,,,,,,,,,,,,,,,,,,Ik had misschien wel liever Erica Meiland als lijstduwer van Partij voor de Inwoner
#Jinek_RTL #jinek @WybrenvanHaga @thierrybaudet @THiddema https://t.co/aDFCu1gD9d,,,,,,,,,,,,,,,,,,,,,,,,,,,,,,,,,,,RT @van9t5: #van9tot5 #cartoon #inflatie #inflation #god https://t.co/D1fQTatnGc
@BorgerPieter üëá #Koopmans #Jinek https://t.co/3d5RoeJZLP,,,,,,,,,,,,,,,,,,,,,,,,,,,,,,,,,,,#Jinek_RTL #jinek @WybrenvanHaga @thierrybaudet @THiddema https://t.co/aDFCu1gD9d
#jinek Geen ongetesten of ongevaccineerden op terras of in restaurant??? Volgens de deskundigen is iedereen even besmettelijk, toch? Het enige wat hier tegen helpt is dat IEDEREEN elke keer een neg. test moet laten zien, toch??? Of is dit het ultieme dwangmiddel? #inesschouten,,,,,,,,,,,,,,,,,,,,,,,,,,,,,,,,,@BorgerPieter üëá #Koopmans #Jinek https://t.co/3d5RoeJZLP
Hahaha. Kijk hoe die D66 en VOLT huppelkutjes Jinek en Floor ge√Ørriteerd zijn. Ubberbitch G√ºndogan geniet ervan. In √©√©n ding steun ik G√ºndogan volkomen. Dat zij die Sorospartij van binnenuit sloopt. You go bitch. ‚ù§  #Jinek,,,,,,,,,,,,,,,,,,,,,,,,,,,,,,,,,,,#jinek Geen ongetesten of ongevaccineerden op terras of in restaurant??? Volgens de deskundigen is iedereen even besmettelijk toch? Het enige wat hier tegen helpt is dat IEDEREEN elke keer een neg. test moet laten zien
RT @trias_politica: Een toename van 75% ‚Üì #inflatie https://t.co/3umevTARQ3,,,,,,,,,,,,,,,,,,,,,,,,,,,,,,,,,,,Hahaha. Kijk hoe die D66 en VOLT huppelkutjes Jinek en Floor ge√Ørriteerd zijn. Ubberbitch G√ºndogan geniet ervan. In √©√©n ding steun ik G√ºndogan volkomen. Dat zij die Sorospartij van binnenuit sloopt. You go bitch. ‚ù§  #Jinek
@RT #Nuclear #russia TV nieuws uitzendingen daar komt flagrant naar voren dat Putin zijn gebruikte woorden oa NAZISTISCH etc, ze komenvan #WW2 waar oneindig veel Ukraine volk meevochten met #Hiltler en bij de #SS zaten. In de #nazikampen  joden vermoorden! #jinek #op1 #VIVandaag,,,,,,,,,,,,,,,,,,,,,,,,,,,,,,,,,,RT @trias_politica: Een toename van 75% ‚Üì #inflatie https://t.co/3umevTARQ3
"Daar lijkt het in middels wel op..... Ik citeer üëáüëá  ""Volgens #Kaag hebben zich de afgelopen tijd bij haar ministerie al 15.000 tot 16.000 Afghanen gemeld die hierheen willen komen."" #Nieuwsuur #eenvandaag #KhalidEnSop #bestezangers #expeditierobinson #Jinek https://t.co/OLiru6TGds",,,,,,,,,,,,,,,,,,,,,,,,,,,,,,,,,,,@RT #Nuclear #russia TV nieuws uitzendingen daar komt flagrant naar voren dat Putin zijn gebruikte woorden oa NAZISTISCH etc ze komenvan #WW2 waar oneindig veel Ukraine volk meevochten met #Hiltler en bij de #SS zaten. In de #nazikampen  joden vermoorden! #jinek #op1 #VIVandaag
Wilde even naar het relaas van Rico luisteren..Maar hij komt het laatst , dus word ik gedwongen die hele misselijke uitzending van die verkeerde mevrouw uit te zitten ..Dan maar geen Rico ..Ik ben weg.,.#Jinek..,,,,,,,,,,,,,,,,,,,,,,,,,,,,,,,,,"Daar lijkt het in middels wel op..... Ik citeer üëáüëá  ""Volgens #Kaag hebben zich de afgelopen tijd bij haar ministerie al 15.000 tot 16.000 Afghanen gemeld die hierheen willen komen."" #Nieuwsuur #eenvandaag #KhalidEnSop #bestezangers #expeditierobinson #Jinek https://t.co/OLiru6TGds"
@RoosMoggre moet eerst zelf eens ophouden met nepnieuws in een talkshow te verspreiden, want er kwam nogal wat flauwekul uit haar mond #Jinek . Doen alsof #gevaccineerden veilig zijn en #ongevaccineerden onveilig is pertinent onjuist. https://t.co/PtMyP1U3hx,,,,,,,,,,,,,,,,,,,,,,,,,,,,,,,,,,Wilde even naar het relaas van Rico luisteren..Maar hij komt het laatst  dus word ik gedwongen die hele misselijke uitzending van die verkeerde mevrouw uit te zitten ..Dan maar geen Rico ..Ik ben weg.
üòÇüòÇ @PloumenLilianne heeft het moeilijk #Prinsjesdag2021 #wnl #Op1npo #Jinek https://t.co/NHzyV7aA5g,,,,,,,,,,,,,,,,,,,,,,,,,,,,,,,,,,,@RoosMoggre moet eerst zelf eens ophouden met nepnieuws in een talkshow te verspreiden want er kwam nogal wat flauwekul uit haar mond #Jinek . Doen alsof #gevaccineerden veilig zijn en #ongevaccineerden onveilig is pertinent onjuist. https://t.co/PtMyP1U3hx
Bij #jinek promo voor gebruik van het Russische Telegram ipv Facebook,,,,,,,,,,,,,,,,,,,,,,,,,,,,,,,,,,,üòÇüòÇ @PloumenLilianne heeft het moeilijk #Prinsjesdag2021 #wnl #Op1npo #Jinek https://t.co/NHzyV7aA5g
@danielverlaan we snapten helemaal niets van dat bitcoin item bij #jinek. Kun je daar nu mee betalen bij de Hema of zo? Of is het alleen voor maffioso met bootjes in St Tropez ?,,,,,,,,,,,,,,,,,,,,,,,,,,,,,,,,,,,Bij #jinek promo voor gebruik van het Russische Telegram ipv Facebook
RT @Nieuwsuur: Nederland staat in de top van Europese landen met een hoge inflatie. Waarom is de inflatie in Nederland hoger dan in de ons‚Ä¶,,,,,,,,,,,,,,,,,,,,,,,,,,,,,,,,,,,@danielverlaan we snapten helemaal niets van dat bitcoin item bij #jinek. Kun je daar nu mee betalen bij de Hema of zo? Of is het alleen voor maffioso met bootjes in St Tropez ?
In een artikel #inflatie en prijsinflatie met elkaar verwarren, @woutervervenne kan dat.,,,,,,,,,,,,,,,,,,,,,,,,,,,,,,,,,,RT @Nieuwsuur: Nederland staat in de top van Europese landen met een hoge inflatie. Waarom is de inflatie in Nederland hoger dan in de ons‚Ä¶
in stilte door de #inflatie en de #nulrente #onteigening https://t.co/VELzDdhLFY,,,,,,,,,,,,,,,,,,,,,,,,,,,,,,,,,,,In een artikel #inflatie en prijsinflatie met elkaar verwarren @woutervervenne kan dat.
@Gaia_Universe @hugodejonge Maar dit willen de schapen niet inzien Geen woord hierover bij #jinek @Jinek_RTL,,,,,,,,,,,,,,,,,,,,,,,,,,,,,,,,,,,in stilte door de #inflatie en de #nulrente #onteigening https://t.co/VELzDdhLFY
#nosjournaal #nieuwsuur #op1 #jinek #rtlnieuws #lockdown @nieuwsuur @op1npo @Jinek_RTL @RTLnieuws @ewaldeng @KeesvdPijl1 @RenskeLeijten @mariannezw @leondewinter @mrtbollen @EricChrSmit @woukevscherrenb @MarijnissenL https://t.co/KtGQrr53Zy,,,,,,,,,,,,,,,,,,,,,,,,,,,,,,,,,,,@Gaia_Universe @hugodejonge Maar dit willen de schapen niet inzien Geen woord hierover bij #jinek @Jinek_RTL
RT @BartN: Wouter de Winther is een Telegraaf journalist. Als ze niet was afgetreden was hij de eerste om daar wat van te zeggen. Aftreden‚Ä¶,,,,,,,,,,,,,,,,,,,,,,,,,,,,,,,,,,,#nosjournaal #nieuwsuur #op1 #jinek #rtlnieuws #lockdown @nieuwsuur @op1npo @Jinek_RTL @RTLnieuws @ewaldeng @KeesvdPijl1 @RenskeLeijten @mariannezw @leondewinter @mrtbollen @EricChrSmit @woukevscherrenb @MarijnissenL https://t.co/KtGQrr53Zy
RT @Franzzois: Dus #Jinek laat de lijsttrekker van een partij die in feite een concreet uitvloeisel van de lange arm van Erdogan is, ongehi‚Ä¶,,,,,,,,,,,,,,,,,,,,,,,,,,,,,,,,,,RT @BartN: Wouter de Winther is een Telegraaf journalist. Als ze niet was afgetreden was hij de eerste om daar wat van te zeggen. Aftreden‚Ä¶
Flikker toch een eind op. #RTL en #jinek wisten dus zogenaamd niets. Maak dat de deugmenschen maar wijs. https://t.co/6XcCnLC1yQ,,,,,,,,,,,,,,,,,,,,,,,,,,,,,,,,,,,RT @Franzzois: Dus #Jinek laat de lijsttrekker van een partij die in feite een concreet uitvloeisel van de lange arm van Erdogan is ongehi‚Ä¶
RT @GerardRaftak: Kortom...  #jinek #D66 #VVD #FVD #GR2022 #uitslagenavond https://t.co/UURdjYTEbI,,,,,,,,,,,,,,,,,,,,,,,,,,,,,,,,,,,Flikker toch een eind op. #RTL en #jinek wisten dus zogenaamd niets. Maak dat de deugmenschen maar wijs. https://t.co/6XcCnLC1yQ
"Het niveau van #Jinek zakt langzamerhand ook diep weg. ""Hoe ruikt Kim Kardashian?""... Journalistiek hoog niveau...",,,,,,,,,,,,,,,,,,,,,,,,,,,,,,,,,,,RT @GerardRaftak: Kortom...  #jinek #D66 #VVD #FVD #GR2022 #uitslagenavond https://t.co/UURdjYTEbI
Wel fijn voor komende weken: We mogen het gezin en de familieleden van de politici er bij betrekken. Bedankt @Jinek_RTL  voor deze verruiming van de regels.   #jinek,,,,,,,,,,,,,,,,,,,,,,,,,,,,,,,,,,,"Het niveau van #Jinek zakt langzamerhand ook diep weg. ""Hoe ruikt Kim Kardashian?""... Journalistiek hoog niveau..."
Gaat het nog goed met Eva? #jinek #Rodevlekken in haar nek ü§î,,,,,,,,,,,,,,,,,,,,,,,,,,,,,,,,,,,Wel fijn voor komende weken: We mogen het gezin en de familieleden van de politici er bij betrekken. Bedankt @Jinek_RTL  voor deze verruiming van de regels.   #jinek
#jinek En maar zeggen dat   het goed toeven is in Nederland üòÅ. #Narcostaat,,,,,,,,,,,,,,,,,,,,,,,,,,,,,,,,,,,Gaat het nog goed met Eva? #jinek #Rodevlekken in haar nek ü§î
@J_Dijsselbloem met afstand beste analyticus vd debatten/verkiezingen,die ik in jaren heb gezien.Door hem met veel plezier naar @JinekLive gekeken.Vraag me wel af of #jinek &amp; @telegraaf heimelijk een deal hebben gesloten.Laatste maanden bijna geen uitzending zonder de T gezien.,,,,,,,,,,,,,,,,,,,,,,,,,,,,,,,,,,#jinek En maar zeggen dat   het goed toeven is in Nederland üòÅ. #Narcostaat
#jinek wat een vervelende man die #PeterSchouten hij vind zichzelf steeds belanrijker worden, en dan die nare opmerkingen.,,,,,,,,,,,,,,,,,,,,,,,,,,,,,,,,,,@J_Dijsselbloem met afstand beste analyticus vd debatten/verkiezingendie ik in jaren heb gezien.Door hem met veel plezier naar @JinekLive gekeken.Vraag me wel af of #jinek &amp; @telegraaf heimelijk een deal hebben gesloten.Laatste maanden bijna geen uitzending zonder de T gezien.
@VVD @markrutte Martijn Koning was verhinderd, Mark was gelukig nog beschikbaar. #jinek,,,,,,,,,,,,,,,,,,,,,,,,,,,,,,,,,,#jinek wat een vervelende man die #PeterSchouten hij vind zichzelf steeds belanrijker worden en dan die nare opmerkingen.
RT @overveenerick: Mensen maken zich druk over inflatie omdat 'alles zo duur is', maar vergeten dat de waarde van 'n mensenleven dezer dage‚Ä¶,,,,,,,,,,,,,,,,,,,,,,,,,,,,,,,,,,@VVD @markrutte Martijn Koning was verhinderd Mark was gelukig nog beschikbaar. #jinek
RT @trias_politica: ECB rapport over invloed huurprijzen op HICP #inflatie. Cijfers vanaf invoering (girale) euro: : https://t.co/SvojWKPSS‚Ä¶,,,,,,,,,,,,,,,,,,,,,,,,,,,,,,,,,,,RT @overveenerick: Mensen maken zich druk over inflatie omdat 'alles zo duur is' maar vergeten dat de waarde van 'n mensenleven dezer dage‚Ä¶
RT @jobtepas: #jinek&gt;&gt;#erica  #ericameiland  over de vrijheid om hoofddoeken te dragen&gt;&gt;De indrukken van de eerste jaren van het leven zijn‚Ä¶,,,,,,,,,,,,,,,,,,,,,,,,,,,,,,,,,,,RT @trias_politica: ECB rapport over invloed huurprijzen op HICP #inflatie. Cijfers vanaf invoering (girale) euro: : https://t.co/SvojWKPSS‚Ä¶
RT @abflipse: Let op! Deze #inflatie is killing voor alle spaarders en ruim 12 miljoen werkenden en gepensioneerden die al 13 jaar niet gec‚Ä¶,,,,,,,,,,,,,,,,,,,,,,,,,,,,,,,,,,,RT @jobtepas: #jinek&gt;&gt;#erica  #ericameiland  over de vrijheid om hoofddoeken te dragen&gt;&gt;De indrukken van de eerste jaren van het leven zijn‚Ä¶
#coronamaatregelen #jinek #persconferentie #formatie https://t.co/me7TvZw4Az,,,,,,,,,,,,,,,,,,,,,,,,,,,,,,,,,,,RT @abflipse: Let op! Deze #inflatie is killing voor alle spaarders en ruim 12 miljoen werkenden en gepensioneerden die al 13 jaar niet gec‚Ä¶
"En waarom praten ze over hem? Want #Gundogan versprak zich net en spreekt ineens over ""zij gaf mij ook een keer een tik op de billen"" Mensen met een beetje mensenkennis ziet aan non verbaal √©n verbaal dat haar wil wet is #Mywayorthehighway #jinek",,,,,,,,,,,,,,,,,,,,,,,,,,,,,,,,,,,#coronamaatregelen #jinek #persconferentie #formatie https://t.co/me7TvZw4Az
Peter Plasman zoekt een catvanger üò≥ Is dacht ik strafbaar in Nederland üòß #Jinek,,,,,,,,,,,,,,,,,,,,,,,,,,,,,,,,,,,"En waarom praten ze over hem? Want #Gundogan versprak zich net en spreekt ineens over ""zij gaf mij ook een keer een tik op de billen"" Mensen met een beetje mensenkennis ziet aan non verbaal √©n verbaal dat haar wil wet is #Mywayorthehighway #jinek"
#Jinek Burgemeester Aboutaleb Geen enkele reden om je zo te misdragen, te vernielen Geen enkele reden https://t.co/pOPmsRPK4o,,,,,,,,,,,,,,,,,,,,,,,,,,,,,,,,,,Peter Plasman zoekt een catvanger üò≥ Is dacht ik strafbaar in Nederland üòß #Jinek
@Nicolai68G @baspaternotte @derksauer Meneertje @baspaternotte  zit lekker veilig in Nederland, terwijl @derksauer teruggaat naar familie en personeel. Hij durft nog steeds in het hol vd leeuw kritiek te leveren op #Poetin. Ik zou maar een #toontje lager zingen basje! #op1 #jinek,,,,,,,,,,,,,,,,,,,,,,,,,,,,,,,,,,#Jinek Burgemeester Aboutaleb Geen enkele reden om je zo te misdragen te vernielen Geen enkele reden https://t.co/pOPmsRPK4o
RT @abflipse: #Inflatie eurozone loopt hard op. In onze nieuwsbrief van 7 oktober 2016 waarschuwden wij voor deze ontwikkeling. Spaarders b‚Ä¶,,,,,,,,,,,,,,,,,,,,,,,,,,,,,,,,,,,@Nicolai68G @baspaternotte @derksauer Meneertje @baspaternotte  zit lekker veilig in Nederland terwijl @derksauer teruggaat naar familie en personeel. Hij durft nog steeds in het hol vd leeuw kritiek te leveren op #Poetin. Ik zou maar een #toontje lager zingen basje! #op1 #jinek
Z√≥ irritant dat de schuld gelegd wordt bij een deel van de bevolking omdat zij niet gevaccineerd zijn. Vooral er niet bij stilgestaan wordt wat iemands reden is, maar gelijk in een hokje geplaatst wordt als complottheorie√´n etc.  #jinek #vaccinatiedwang #vaccinatieindoctrinatie,,,,,,,,,,,,,,,,,,,,,,,,,,,,,,,,,,RT @abflipse: #Inflatie eurozone loopt hard op. In onze nieuwsbrief van 7 oktober 2016 waarschuwden wij voor deze ontwikkeling. Spaarders b‚Ä¶
Ach wat leuk dat #jinek vanavond eindelijk weer kijkcijfers scoort. Benieuwd wat dat doet op de redactievloer. #vanhaga #coronamaatregelen,,,,,,,,,,,,,,,,,,,,,,,,,,,,,,,,,,,Z√≥ irritant dat de schuld gelegd wordt bij een deel van de bevolking omdat zij niet gevaccineerd zijn. Vooral er niet bij stilgestaan wordt wat iemands reden is maar gelijk in een hokje geplaatst wordt als complottheorie√´n etc.  #jinek #vaccinatiedwang #vaccinatieindoctrinatie
"@jacqueshermus @wierdduk Oplopende prijzen wordt de echte game-changer! Decennia lange ondermijning van de natuurlijke vraag&amp;aanbod ""wetten"" als gevolg van te goedkoop geld.  Na 40 jaar desinflatie", leert de geschiedenis een aanstaande #inflatie-cyclus. Middenklasse wordt gedecimeerd. https://t.co/W4u9nEzR66,,,,,,,,,,,,,,,,,,,,,,,,,,,,,,,,,,Ach wat leuk dat #jinek vanavond eindelijk weer kijkcijfers scoort. Benieuwd wat dat doet op de redactievloer. #vanhaga #coronamaatregelen
RT @ShallWeCallMe: Bij de volgende volle maan staat #gielbeelen samen met die Van Lexmond mutsen ergens in een bos hand in hand in een cirk‚Ä¶,,,,,,,,,,,,,,,,,,,,,,,,,,,,,,,,,,,"@jacqueshermus @wierdduk Oplopende prijzen wordt de echte game-changer! Decennia lange ondermijning van de natuurlijke vraag&amp;aanbod ""wetten"" als gevolg van te goedkoop geld.  Na 40 jaar desinflatie leert de geschiedenis een aanstaande #inflatie-cyclus. Middenklasse wordt gedecimeerd. https://t.co/W4u9nEzR66"
Dit zou iedereen die #klaarmetRutte is moeten tekenen ! https://t.co/je7YtvRKs8 #ruttefunctieelders #petitie #CDA #VVD #D66 #motievanwantrouwen #Omtzigt #TeamOmtzigt @Ayfer_Koc @thierrybaudet @geertwilderspvv @Eerdmans @ZilteBotte @LonnekeEngel #beau #jinek #DEBAT,,,,,,,,,,,,,,,,,,,,,,,,,,,,,,,,,,,RT @ShallWeCallMe: Bij de volgende volle maan staat #gielbeelen samen met die Van Lexmond mutsen ergens in een bos hand in hand in een cirk‚Ä¶
In de kerk houden ze afstand. MAN onder welke steen lig jij #jinek,,,,,,,,,,,,,,,,,,,,,,,,,,,,,,,,,,,Dit zou iedereen die #klaarmetRutte is moeten tekenen ! https://t.co/je7YtvRKs8 #ruttefunctieelders #petitie #CDA #VVD #D66 #motievanwantrouwen #Omtzigt #TeamOmtzigt @Ayfer_Koc @thierrybaudet @geertwilderspvv @Eerdmans @ZilteBotte @LonnekeEngel #beau #jinek #DEBAT
Wat #RTL4 doet met dit programma #Jinek is aanzetten tot #haat en mensen bewust tegen elkaar opzetten. #MartijnKoning las een wanstaltige, haatzaaiende tekst voor waar RTL4 officieel nog geen afstand van heeft genomen en waarvoor nog geen excuses zijn gemaakt aan @ThierryBaudet. https://t.co/D083yUlp1I,,,,,,,,,,,,,,,,,,,,,,,,,,,,,,,,,,In de kerk houden ze afstand. MAN onder welke steen lig jij #jinek
RT @V_iswakker: Wat vreemd is, iedereen zeurt over #woningtekort, #prikdwang, #toeslagenaffaire , #inflatie etc. Gezien de peilingen lijkt‚Ä¶,,,,,,,,,,,,,,,,,,,,,,,,,,,,,,,Wat #RTL4 doet met dit programma #Jinek is aanzetten tot #haat en mensen bewust tegen elkaar opzetten. #MartijnKoning las een wanstaltige haatzaaiende tekst voor waar RTL4 officieel nog geen afstand van heeft genomen en waarvoor nog geen excuses zijn gemaakt aan @ThierryBaudet. https://t.co/D083yUlp1I
Tenzij er onderliggende aandoeningen zijn #jinek,,,,,,,,,,,,,,,,,,,,,,,,,,,,,,,,,,,RT @V_iswakker: Wat vreemd is iedereen zeurt over #woningtekort
RT @KrikkeDM: Toiletbezoek fors duurder... #inflatie #Heineken #taalvoutjes https://t.co/aw92vzPHkP,,,,,,,,,,,,,,,,,,,,,,,,,,,,,,,,,,,Tenzij er onderliggende aandoeningen zijn #jinek
RT @BasMaes: En bij #jinek herhaalt @SigridKaag het nog eens. Valt toch wel door mand. Meer eurofiel dan democraat. Weinig nieuws aan... ht‚Ä¶,,,,,,,,,,,,,,,,,,,,,,,,,,,,,,,,,,,RT @KrikkeDM: Toiletbezoek fors duurder... #inflatie #Heineken #taalvoutjes https://t.co/aw92vzPHkP
#Inflatie - bestaat zij nog en waar is zij verstopt? - @HannibalPim voorspelt #hyperinflatie https://t.co/xCVJKvPGbR,,,,,,,,,,,,,,,,,,,,,,,,,,,,,,,,,,,RT @BasMaes: En bij #jinek herhaalt @SigridKaag het nog eens. Valt toch wel door mand. Meer eurofiel dan democraat. Weinig nieuws aan... ht‚Ä¶
@janvannoord zo maar ff een gedachte maar wat zou het #kwartjevankok nu waard zijn #inflatie #uitknijpers,,,,,,,,,,,,,,,,,,,,,,,,,,,,,,,,,,,#Inflatie - bestaat zij nog en waar is zij verstopt? - @HannibalPim voorspelt #hyperinflatie https://t.co/xCVJKvPGbR
Ben benieuwd wat #Rutte allemaal uit zijn gereedschapkist gaat toveren, en of #Putin zich net zo bang laat maken als de Nederlandse bevolking de afgelopen 2 jaar. #Oekraine #Kiev #jinek #gasprijs   https://t.co/zs6j0Rr1CO,,,,,,,,,,,,,,,,,,,,,,,,,,,,,,,,,,@janvannoord zo maar ff een gedachte maar wat zou het #kwartjevankok nu waard zijn #inflatie #uitknijpers
RT @deKredieter: Inflatie Nederland stijgt naar 0,2 procent: https://t.co/cDSD5IFENb #inflatie,,,,,,,,,,,,,,,,,,,,,,,,,,,,,,,,,,Ben benieuwd wat #Rutte allemaal uit zijn gereedschapkist gaat toveren en of #Putin zich net zo bang laat maken als de Nederlandse bevolking de afgelopen 2 jaar. #Oekraine #Kiev #jinek #gasprijs   https://t.co/zs6j0Rr1CO
@Jinek_RTL @JinekLive #Jinek_RTL #jinek #floorbremer Kan iemand nog luisteren en kijken naar Floor Bremer? Het nasale trage zeurende geluid helemaal in de afgelopen campagne tijd is nu echt genoeg geweest! En dan haar hoofd erbij op tv en je bent er helemaal klaar mee!! Poewwff!,,,,,,,,,,,,,,,,,,,,,,,,,,,,,,,,,,,RT @deKredieter: Inflatie Nederland stijgt naar 02 procent: https://t.co/cDSD5IFENb #inflatie
No cold's evolutionary pressure and neither the great tit's longer beak adepting to the garden feeder ;) #Op1npo #Jinek https://t.co/eu3F1DocE5,,,,,,,,,,,,,,,,,,,,,,,,,,,,,,,,,,,@Jinek_RTL @JinekLive #Jinek_RTL #jinek #floorbremer Kan iemand nog luisteren en kijken naar Floor Bremer? Het nasale trage zeurende geluid helemaal in de afgelopen campagne tijd is nu echt genoeg geweest! En dan haar hoofd erbij op tv en je bent er helemaal klaar mee!! Poewwff!
@rkemp59 #jinek gevaccineerden zoals Eva Jinek kunnen niet meer onafhankelijk oordelen of in een debat gaan. Als je als gevaccineerde denkt dat dit goed is, dan kan je ook niet kritisch zijn of kijken. Neem Isra√´l als voorbeeld, hoge vaccinatiegraad https://t.co/qrsXoeek5U,,,,,,,,,,,,,,,,,,,,,,,,,,,,,,,,,No cold's evolutionary pressure and neither the great tit's longer beak adepting to the garden feeder ;) #Op1npo #Jinek https://t.co/eu3F1DocE5
@MPHoogeveen @ecb #inflatie https://t.co/eRmnR6Ablr,,,,,,,,,,,,,,,,,,,,,,,,,,,,,,,,,,,@rkemp59 #jinek gevaccineerden zoals Eva Jinek kunnen niet meer onafhankelijk oordelen of in een debat gaan. Als je als gevaccineerde denkt dat dit goed is dan kan je ook niet kritisch zijn of kijken. Neem Isra√´l als voorbeeld
#TotalLockdown #nieuwsuur #2G #Mainstreammedia #NurembergCode #jinek #op1npo    @RTLnieuws @NOS @rivm @2eKamertweets @MarionKoopmans  @fvdemocratie @hugodejonge @jpaternotte @attjekuiken #coronadebat #BaudetHeeftGelijk #dockersunited üëç https://t.co/hLgXHRMSXX,,,,,,,,,,,,,,,,,,,,,,,,,,,,,,,,,,,@MPHoogeveen @ecb #inflatie https://t.co/eRmnR6Ablr
Dit moment rellen in Rotterdam, zijn zelfs schoten gelost door de ME #vuurwerkverbod #Rotterdam #rellen #jinek #Op1 #telegraaf #Op1npo,,,,,,,,,,,,,,,,,,,,,,,,,,,,,,,,,,#TotalLockdown #nieuwsuur #2G #Mainstreammedia #NurembergCode #jinek #op1npo    @RTLnieuws @NOS @rivm @2eKamertweets @MarionKoopmans  @fvdemocratie @hugodejonge @jpaternotte @attjekuiken #coronadebat #BaudetHeeftGelijk #dockersunited üëç https://t.co/hLgXHRMSXX
"RT @Vicki_Lommel: ""Gezien steeds groter deel v/d Nederlandse bevolking zijn rekeningen niet meer kan betalen", moeten we maar eerst bezuinig‚Ä¶,,,,,,,,,,,,,,,,,,,,,,,,,,,,,,,,,,Dit moment rellen in Rotterdam zijn zelfs schoten gelost door de ME #vuurwerkverbod #Rotterdam #rellen #jinek #Op1 #telegraaf #Op1npo
"RT @HenkvanVeen6: ""Hoogste #inflatie in 40 jaar "" en de Centrale Bank van de EU blijft de rente op 0% houden uit angst dat de schulden van‚Ä¶",,,,,,,,,,,,,,,,,,,,,,,,,,,,,,,,,,,"RT @Vicki_Lommel: ""Gezien steeds groter deel v/d Nederlandse bevolking zijn rekeningen niet meer kan betalen moeten we maar eerst bezuinig‚Ä¶"
#nosjournaal #nieuwsuur #op1 #jinek #rtlnieuws #lockdown @nieuwsuur @op1npo @Jinek_RTL @RTLnieuws @ewaldeng @KeesvdPijl1 @RenskeLeijten @mariannezw @leondewinter @mrtbollen @EricChrSmit @woukevscherrenb @MarijnissenL https://t.co/qjkXum0wb2,,,,,,,,,,,,,,,,,,,,,,,,,,,,,,,,,,,"RT @HenkvanVeen6: ""Hoogste #inflatie in 40 jaar "" en de Centrale Bank van de EU blijft de rente op 0% houden uit angst dat de schulden van‚Ä¶"
RT @Vosskke: We laten √©√©n meisje haar verhaal een beetje doen maar we zorgen wel dat ze bij elke zin in de rede wordt gevallen  Beetje vree‚Ä¶,,,,,,,,,,,,,,,,,,,,,,,,,,,,,,,,,,,#nosjournaal #nieuwsuur #op1 #jinek #rtlnieuws #lockdown @nieuwsuur @op1npo @Jinek_RTL @RTLnieuws @ewaldeng @KeesvdPijl1 @RenskeLeijten @mariannezw @leondewinter @mrtbollen @EricChrSmit @woukevscherrenb @MarijnissenL https://t.co/qjkXum0wb2
RT @RedGelderland: Ambtelijk rapport: krimp veestapel van ten minste 30% noodzakelijk om aan #stikstof-normen te voldoen.'En zelfs dan zal‚Ä¶,,,,,,,,,,,,,,,,,,,,,,,,,,,,,,,,,,,RT @Vosskke: We laten √©√©n meisje haar verhaal een beetje doen maar we zorgen wel dat ze bij elke zin in de rede wordt gevallen  Beetje vree‚Ä¶
RT @Gerhardhormann: Een goed advies zou zijn om de #voorschotnota van je energieleverancier voor de winter alvast voor alle zekerheid met 5‚Ä¶,,,,,,,,,,,,,,,,,,,,,,,,,,,,,,,,,,,RT @RedGelderland: Ambtelijk rapport: krimp veestapel van ten minste 30% noodzakelijk om aan #stikstof-normen te voldoen.'En zelfs dan zal‚Ä¶
Mevrouw Floor Bremer... Dan ben ik al geweest üòè #jinek https://t.co/6ERQhBJqAp,,,,,,,,,,,,,,,,,,,,,,,,,,,,,,,,,,,RT @Gerhardhormann: Een goed advies zou zijn om de #voorschotnota van je energieleverancier voor de winter alvast voor alle zekerheid met 5‚Ä¶
RT @Gielah: @vraagstaart @Jinek_RTL @telegraaf #Jinek is een zielloze Barbiepop. Helemaal verliefd op haar eigen quasi elitaire gebabbel, a‚Ä¶,,,,,,,,,,,,,,,,,,,,,,,,,,,,,,,,,,Mevrouw Floor Bremer... Dan ben ik al geweest üòè #jinek https://t.co/6ERQhBJqAp
#jinek armpje drukken tussen twee advocaten op tv bij een lopende rechtszaak. Abject en infaam, in gewoon Nederlands: heel slecht voor het vertrouwen in de rechtsstaat. Niet meer doen!,,,,,,,,,,,,,,,,,,,,,,,,,,,,,,,,,,RT @Gielah: @vraagstaart @Jinek_RTL @telegraaf #Jinek is een zielloze Barbiepop. Helemaal verliefd op haar eigen quasi elitaire gebabbel a‚Ä¶
@telegraaf #eenvandaag #jinek #China #UkraineÔ∏è Als #Rutte verantwoordelijk voelde naar #tweedekamer dan had hij #Kaag VERPLICHT gesteld te komen naar Kamerdebat over koopkracht en #benzineprijzen.Kaag verkiest Europa-speech boven debat koopkracht https://t.co/FpL09TyPNK‚Ä¶ via @Telegraaf,,,,,,,,,,,,,,,,,,,,,,,,,,,,,,,,,,,#jinek armpje drukken tussen twee advocaten op tv bij een lopende rechtszaak. Abject en infaam in gewoon Nederlands: heel slecht voor het vertrouwen in de rechtsstaat. Niet meer doen!
@nrc Ben benieuwd welke journalist in Nederland de ballen heeft om de klok te luiden dat ze gebruikt/misbruikt zijn om staatspropaganda te verspreiden #Op1npo #NPO #RTLNieuws #jinek #Beau  https://t.co/gdprRhRXRd,,,,,,,,,,,,,,,,,,,,,,,,,,,,,,,,,,,@telegraaf #eenvandaag #jinek #China #UkraineÔ∏è Als #Rutte verantwoordelijk voelde naar #tweedekamer dan had hij #Kaag VERPLICHT gesteld te komen naar Kamerdebat over koopkracht en #benzineprijzen.Kaag verkiest Europa-speech boven debat koopkracht https://t.co/FpL09TyPNK‚Ä¶ via @Telegraaf
Ik schakel weg van #jinek hoor.  Echt supersaai vandaag.   Ze laat iedereen uitpraten, ze verliest geen controle, er schiet geen haat en vuur uit haar ogen, er wordt niemand gebasht, er worden geen framende filmpjes vertoont en Martijn Koning is er ook al niet.  Niks aan.,,,,,,,,,,,,,,,,,,,,,,,,,,,,,,,@nrc Ben benieuwd welke journalist in Nederland de ballen heeft om de klok te luiden dat ze gebruikt/misbruikt zijn om staatspropaganda te verspreiden #Op1npo #NPO #RTLNieuws #jinek #Beau  https://t.co/gdprRhRXRd
RT @djdejeu: Nooit geweten dat @RTLZ dit heeft uitgezonden met @wmiddelkoop over #GreatReset.  #Corona, forse #inflatie, torenhoge schulden‚Ä¶,,,,,,,,,,,,,,,,,,,,,,,,,,,,,,,,,Ik schakel weg van #jinek hoor.  Echt supersaai vandaag.   Ze laat iedereen uitpraten ze verliest geen controle
Welk de van de volzin ‚Äúvol + vol = vol‚Äù begrijpt deugend links üá≥üá± niet aan #migratie #terapel @cdavandaag #CDA @WBHoekstra @D66 @SigridKaag @PloumenLilianne @PvdA @MinPres @VVD @gertjansegers #formatie2021 #wnl #Op1npo #jinek https://t.co/1l0HEMORbj,,,,,,,,,,,,,,,,,,,,,,,,,,,,,,,,,,,RT @djdejeu: Nooit geweten dat @RTLZ dit heeft uitgezonden met @wmiddelkoop over #GreatReset.  #Corona forse #inflatie
Kunnen ze Dolf Jansen niet wat bijvoederen bij #jinek? Hij doet mij denken aan de Oostvaardersplassen .. üòÅüòâ,,,,,,,,,,,,,,,,,,,,,,,,,,,,,,,,,,,Welk de van de volzin ‚Äúvol + vol = vol‚Äù begrijpt deugend links üá≥üá± niet aan #migratie #terapel @cdavandaag #CDA @WBHoekstra @D66 @SigridKaag @PloumenLilianne @PvdA @MinPres @VVD @gertjansegers #formatie2021 #wnl #Op1npo #jinek https://t.co/1l0HEMORbj
Wat is Twitter fijn op zaterdagochtend. Wat een lieve en mooie tweets, waar het twaalf uur geleden alleen over #tvoh en #jinek ging. En ja, daar deed ik aan mee hoor. Maar ik zie nu Twitter weer even waarom ik tien jaar geleden hier kwam. üå∏,,,,,,,,,,,,,,,,,,,,,,,,,,,,,,,,,Kunnen ze Dolf Jansen niet wat bijvoederen bij #jinek? Hij doet mij denken aan de Oostvaardersplassen .. üòÅüòâ
#‡∏´‡∏ô‡∏∂‡πà‡∏á‡∏à‡∏±‡∏Å‡∏£‡∏ß‡∏≤‡∏• #sebnemsirin #LaUltimaTentacion7 #OGCNOM #topmodel #SHIB #ÿ™ÿ±ŸÉŸä_ÿ¢ŸÑ_ÿßŸÑÿ¥ŸäÿÆ #ÿ¨Ÿàÿ±ÿ¨_ŸÇÿ±ÿØÿßÿ≠Ÿä #Jinek #WHUMCI #music #tupac #musica https://t.co/2Pf6v8s1mD,,,,,,,,,,,,,,,,,,,,,,,,,,,,,,,,,,,Wat is Twitter fijn op zaterdagochtend. Wat een lieve en mooie tweets waar het twaalf uur geleden alleen over #tvoh en #jinek ging. En ja
@annstrikje @tjalfa67 Ja en men kijkt ernaar en  vindt het prima #jinek üôà,,,,,,,,,,,,,,,,,,,,,,,,,,,,,,,,,,,#‡∏´‡∏ô‡∏∂‡πà‡∏á‡∏à‡∏±‡∏Å‡∏£‡∏ß‡∏≤‡∏• #sebnemsirin #LaUltimaTentacion7 #OGCNOM #topmodel #SHIB #ÿ™ÿ±ŸÉŸä_ÿ¢ŸÑ_ÿßŸÑÿ¥ŸäÿÆ #ÿ¨Ÿàÿ±ÿ¨_ŸÇÿ±ÿØÿßÿ≠Ÿä #Jinek #WHUMCI #music #tupac #musica https://t.co/2Pf6v8s1mD
#jinek Volgens mij leeft #Rutte in een andere wereld. AOW-ers worden niet gecompenseerd en leven deels in armoe. Inflatie maakt leven niet duurzaam maar duur. Het gaat berg af. Hij vindt het goed gaan.,,,,,,,,,,,,,,,,,,,,,,,,,,,,,,,,,,,@annstrikje @tjalfa67 Ja en men kijkt ernaar en  vindt het prima #jinek üôà
"@telegraaf Pim Fortuyn: ""Als mij wat gebeurt"," dan zijn zij medeverantwoordelijk"". Ze kunnen niet zeggen: ""Ja maar wij hebben die aanslag niet gepleegd"". ""Ze hebben het klimaat gecre√´erd en dat moet stoppen"".  #jinek #rtl",,,,,,,,,,,,,,,,,,,,,,,,,,,,,,,,,,#jinek Volgens mij leeft #Rutte in een andere wereld. AOW-ers worden niet gecompenseerd en leven deels in armoe. Inflatie maakt leven niet duurzaam maar duur. Het gaat berg af. Hij vindt het goed gaan.
Als er √©√©n iemand is die niets over #kaag mag zeggen en over die docu is het Geert Wilders wel. Die alleen bij #jinek wilde komen als het over zijn poezen ging.,,,,,,,,,,,,,,,,,,,,,,,,,,,,,,,,,,,"@telegraaf Pim Fortuyn: ""Als mij wat gebeurt dan zijn zij medeverantwoordelijk"". Ze kunnen niet zeggen: ""Ja maar wij hebben die aanslag niet gepleegd"". ""Ze hebben het klimaat gecre√´erd en dat moet stoppen"".  #jinek #rtl"
RT @helastiekje: Peter van der Voort is naast afdelingshoofd Intensive Care bij academisch ziekenhuis Groningen ook Eerste Kamerlid voor D6‚Ä¶,,,,,,,,,,,,,,,,,,,,,,,,,,,,,,,,,,,Als er √©√©n iemand is die niets over #kaag mag zeggen en over die docu is het Geert Wilders wel. Die alleen bij #jinek wilde komen als het over zijn poezen ging.
Wat mis ik nu ik sinds maar geen praatprogramma's kijk of luister? Ik vrees HELEMAAL NIKS. #op1 #KhalidEnSophie #jinek #beau #humberto https://t.co/Z5tiArnjxC,,,,,,,,,,,,,,,,,,,,,,,,,,,,,,,,,,,RT @helastiekje: Peter van der Voort is naast afdelingshoofd Intensive Care bij academisch ziekenhuis Groningen ook Eerste Kamerlid voor D6‚Ä¶
#DavidAmess terror attack . #Op1 #Jinek https://t.co/3c2EXuEsml,,,,,,,,,,,,,,,,,,,,,,,,,,,,,,,,,,,Wat mis ik nu ik sinds maar geen praatprogramma's kijk of luister? Ik vrees HELEMAAL NIKS. #op1 #KhalidEnSophie #jinek #beau #humberto https://t.co/Z5tiArnjxC
RT @RensMuller: Testbeeld #Jinek https://t.co/0fRQImzdEV,,,,,,,,,,,,,,,,,,,,,,,,,,,,,,,,,,,#DavidAmess terror attack . #Op1 #Jinek https://t.co/3c2EXuEsml
@erikmouthaanRTL Erik! Zoals ons 'grote voorbeeld' Rutte zou zeggen Hou je Bek! Net als ut #jinek kliekje te DOM om te üí©,,,,,,,,,,,,,,,,,,,,,,,,,,,,,,,,,,,RT @RensMuller: Testbeeld #Jinek https://t.co/0fRQImzdEV
#gommers, smerige liegende idioot!! Heb je nog ergens een geweten? üò° #jinek    https://t.co/5cMoVPCcGQ,,,,,,,,,,,,,,,,,,,,,,,,,,,,,,,,,,@erikmouthaanRTL Erik! Zoals ons 'grote voorbeeld' Rutte zou zeggen Hou je Bek! Net als ut #jinek kliekje te DOM om te üí©
RT @Slinksnieuws: Geldprinter in Frankrijk in de fiküî• #Cashgeld  #inflatie,,,,,,,,,,,,,,,,,,,,,,,,,,,,,,,,,,,#gommers smerige liegende idioot!! Heb je nog ergens een geweten? üò° #jinek    https://t.co/5cMoVPCcGQ
Maar die ernst kuipers is WEL de grootste vacciNAZI aan de Bierhalle tafel bij #jinek https://t.co/8N0VNWlFnr,,,,,,,,,,,,,,,,,,,,,,,,,,,,,,,,,,,RT @Slinksnieuws: Geldprinter in Frankrijk in de fiküî• #Cashgeld  #inflatie
Ik heb gisteren ook weer eens een hand geschud. Er zat ook nog iemand aan... Een aardige autoverkoper.  Ontboezemingen van een autorijdende handenschudder.  #jinek #QRankzinnig,,,,,,,,,,,,,,,,,,,,,,,,,,,,,,,,,,,Maar die ernst kuipers is WEL de grootste vacciNAZI aan de Bierhalle tafel bij #jinek https://t.co/8N0VNWlFnr
Rare wereld: min fin Japan Azumi hoopt op inflatie #beleggen #inflatie #beurs,,,,,,,,,,,,,,,,,,,,,,,,,,,,,,,,,,,Ik heb gisteren ook weer eens een hand geschud. Er zat ook nog iemand aan... Een aardige autoverkoper.  Ontboezemingen van een autorijdende handenschudder.  #jinek #QRankzinnig
#Jinek harm edens zit ook in het complot! Draag badge van het WEF,,,,,,,,,,,,,,,,,,,,,,,,,,,,,,,,,,,Rare wereld: min fin Japan Azumi hoopt op inflatie #beleggen #inflatie #beurs
RT @BeursTalk: #BeursTalk #22 is uit, met niemand minder dan @martinehafkamp van @Fintessa en @beursanalist van @actiam. O.a. over #Yellen‚Ä¶,,,,,,,,,,,,,,,,,,,,,,,,,,,,,,,,,,#Jinek harm edens zit ook in het complot! Draag badge van het WEF
Blog voor ‚Å¶@ChapeauMagazine vandaag: ‚Å© ‚ÄòHigh van de stilte‚Äô , over #Thierry #Baudet #jinek #martijnkoning  https://t.co/zHNuIMbWf3,,,,,,,,,,,,,,,,,,,,,,,,,,,,,,,,,,RT @BeursTalk: #BeursTalk #22 is uit met niemand minder dan @martinehafkamp van @Fintessa en @beursanalist van @actiam. O.a. over #Yellen‚Ä¶
RT @lientje1967: Nog even over die vleesvervangers waar @ministerlnv zo‚Äôn fan van is‚Ä¶ #vleestaks https://t.co/T6Towrd3Kg,,,,,,,,,,,,,,,,,,,,,,,,,,,,,,,,,,,Blog voor ‚Å¶@ChapeauMagazine vandaag: ‚Å© ‚ÄòHigh van de stilte‚Äô  over #Thierry #Baudet #jinek #martijnkoning  https://t.co/zHNuIMbWf3
RT @TheCreatorOfAr1: #coronapas opgefikkerd met jullie plan #hugodejonge #Rutte en de rest van dat tuig in #DenHaag ü§õüí•ü§õü§°üëà #npo1 #Jinek ü§Æü§õüí•‚Ä¶,,,,,,,,,,,,,,,,,,,,,,,,,,,,,,,,,,,RT @lientje1967: Nog even over die vleesvervangers waar @ministerlnv zo‚Äôn fan van is‚Ä¶ #vleestaks https://t.co/T6Towrd3Kg
RT @PerryBraam: Om te janken de #benzineprijs morgen 4ct omhoog en dan het feit dat 65% van de prijs in Nederland uit belastingen bestaat 1‚Ä¶,,,,,,,,,,,,,,,,,,,,,,,,,,,,,,,,,,,RT @TheCreatorOfAr1: #coronapas opgefikkerd met jullie plan #hugodejonge #Rutte en de rest van dat tuig in #DenHaag ü§õüí•ü§õü§°üëà #npo1 #Jinek ü§Æü§õüí•‚Ä¶
Twee botsende sterren is een 5-sterren gebeurtenis @dwdd volgens @RHDijkgraaf #dwdd #inflatie,,,,,,,,,,,,,,,,,,,,,,,,,,,,,,,,,,,RT @PerryBraam: Om te janken de #benzineprijs morgen 4ct omhoog en dan het feit dat 65% van de prijs in Nederland uit belastingen bestaat 1‚Ä¶
RT @Cortes: #inflatie #inflation #euro #EnergyPrices https://t.co/nvbRdup9qC,,,,,,,,,,,,,,,,,,,,,,,,,,,,,,,,,,,Twee botsende sterren is een 5-sterren gebeurtenis @dwdd volgens @RHDijkgraaf #dwdd #inflatie
RT @overveenerick: Niet vergeten wat er donderdagavond met Thierry #Baudet gebeurd is, tweeps. üëá  #kijkgeenjinek #jinek #stemfvd #boycotmsm‚Ä¶,,,,,,,,,,,,,,,,,,,,,,,,,,,,,,,,,,RT @Cortes: #inflatie #inflation #euro #EnergyPrices https://t.co/nvbRdup9qC
The latest De Koffie Krant! https://t.co/EKUeKe7g6P Thanks to @TheDawn3121 @roelgrif @burgercomiteeu #eenvandaag #jinek,,,,,,,,,,,,,,,,,,,,,,,,,,,,,,,,,,,RT @overveenerick: Niet vergeten wat er donderdagavond met Thierry #Baudet gebeurd is tweeps. üëá  #kijkgeenjinek #jinek #stemfvd #boycotmsm‚Ä¶
Wat een vreselijke vrouw. Met d‚Äôr pinguins. #Jinek #Erica https://t.co/LSiqdC5yS3,,,,,,,,,,,,,,,,,,,,,,,,,,,,,,,,,,,The latest De Koffie Krant! https://t.co/EKUeKe7g6P Thanks to @TheDawn3121 @roelgrif @burgercomiteeu #eenvandaag #jinek
"RT @EelcoHoecke: ü§ÆWe worden weer bedot door Klaas Knot..: ""#inflatie tijdelijk.."" Sure! Al die belachelijke milieumaatregelen van #Rutte en‚Ä¶",,,,,,,,,,,,,,,,,,,,,,,,,,,,,,,,,,,Wat een vreselijke vrouw. Met d‚Äôr pinguins. #Jinek #Erica https://t.co/LSiqdC5yS3
Inflatie stijgt fors naar 2,9 procent  #inflatie #btw #persbericht: DEN HAAG (EZPress) - De i... http://t.co/ZJ5K6BcO Nieuws van EZPress,,,,,,,,,,,,,,,,,,,,,,,,,,,,,,,,,,"RT @EelcoHoecke: ü§ÆWe worden weer bedot door Klaas Knot..: ""#inflatie tijdelijk.."" Sure! Al die belachelijke milieumaatregelen van #Rutte en‚Ä¶"
Eerst hadden we een uitzending waarin de ambassadeur van de VS werd gevierendeeld. En gisteren was Baudet aan de buurt. Eva #Jinek is niet geschikt voor het grote werk.,,,,,,,,,,,,,,,,,,,,,,,,,,,,,,,,,,,Inflatie stijgt fors naar 29 procent  #inflatie #btw #persbericht: DEN HAAG (EZPress) - De i... http://t.co/ZJ5K6BcO Nieuws van EZPress
Oei, oei, allemaal gemist door @jinek en #martijnkoning Was natuurlijk veel urgenter om in samenwerking met @F_azarkan #Baudet als het diepbruine fascistische kwaad te framen. #jinek https://t.co/gIU8vPSNGC,,,,,,,,,,,,,,,,,,,,,,,,,,,,,,,,,Eerst hadden we een uitzending waarin de ambassadeur van de VS werd gevierendeeld. En gisteren was Baudet aan de buurt. Eva #Jinek is niet geschikt voor het grote werk.
De arrogantie ten top om als zogenaamd deskundigen te durven beweren dat huidige problemen allemaal door de bevolking komen. Obscuur #policor illusionair dwalen heeft verzuimd na ‚âà2jaar @Defensie in te zetten voor #NOODVOORZIENINGEN  #ReguliereZorg v #NoodZorg ‚Ä¶ #jinek,,,,,,,,,,,,,,,,,,,,,,,,,,,,,,,,,,,Oei oei
RT @janschaap1111: Volgens #voorhoeve was maar 20% voor het referendum in 2014 omdat de opkomst zo laag Het was ruim 60% met een wettelijk‚Ä¶,,,,,,,,,,,,,,,,,,,,,,,,,,,,,,,,,,,De arrogantie ten top om als zogenaamd deskundigen te durven beweren dat huidige problemen allemaal door de bevolking komen. Obscuur #policor illusionair dwalen heeft verzuimd na ‚âà2jaar @Defensie in te zetten voor #NOODVOORZIENINGEN  #ReguliereZorg v #NoodZorg ‚Ä¶ #jinek
Eva #jinek lijkt klaar te zijn met corona. Krijgen we dan eindelijk een talkshow zonder het oeverloze geouwehoer over corona,,,,,,,,,,,,,,,,,,,,,,,,,,,,,,,,,,,RT @janschaap1111: Volgens #voorhoeve was maar 20% voor het referendum in 2014 omdat de opkomst zo laag Het was ruim 60% met een wettelijk‚Ä¶
#jinek #Ruttemoetweg #npo #nos #rtl  GEMEENTERAADSVERKIEZINGEN Minder minder minder @VVD Minder minder minder @D66 Minder minder minder @cdavandaag Minder minder minder @christenunie Minder minder minder @PvdA Minder minder minder @groenlinks Minder minder minder @VoltNederland https://t.co/lUr0uWu7Eg,,,,,,,,,,,,,,,,,,,,,,,,,,,,,,,,,,,Eva #jinek lijkt klaar te zijn met corona. Krijgen we dan eindelijk een talkshow zonder het oeverloze geouwehoer over corona
Paulien ü§£üëçüèª #Jinek,,,,,,,,,,,,,,,,,,,,,,,,,,,,,,,,,,,#jinek #Ruttemoetweg #npo #nos #rtl  GEMEENTERAADSVERKIEZINGEN Minder minder minder @VVD Minder minder minder @D66 Minder minder minder @cdavandaag Minder minder minder @christenunie Minder minder minder @PvdA Minder minder minder @groenlinks Minder minder minder @VoltNederland https://t.co/lUr0uWu7Eg
RT @sLinkseTranen: @ADnl Maar over het schofferen bij #jinek natuurlijk geen woord. Misselijkmakend... Pim Fortuyn vergeten. Schaam jullie.,,,,,,,,,,,,,,,,,,,,,,,,,,,,,,,,,,,Paulien ü§£üëçüèª #Jinek
Dus niet Hamstereeeeen maar Boostereeeeeeen !!! #markrutte @MinPres #hugodejonge @hugodejonge #jinek #Op1 #persconferentie #coronavirus #boosterprik,,,,,,,,,,,,,,,,,,,,,,,,,,,,,,,,,,,RT @sLinkseTranen: @ADnl Maar over het schofferen bij #jinek natuurlijk geen woord. Misselijkmakend... Pim Fortuyn vergeten. Schaam jullie.
#JA21 #bij1 #BBB #jinek https://t.co/M1IvGjap5x,,,,,,,,,,,,,,,,,,,,,,,,,,,,,,,,,,,Dus niet Hamstereeeeen maar Boostereeeeeeen !!! #markrutte @MinPres #hugodejonge @hugodejonge #jinek #Op1 #persconferentie #coronavirus #boosterprik
Waarom #inflatie slecht is! http://t.co/DTnTzyy0PA,,,,,,,,,,,,,,,,,,,,,,,,,,,,,,,,,,,#JA21 #bij1 #BBB #jinek https://t.co/M1IvGjap5x
RT @Protect_World16: Rarara wat klopt hier niet . 2015: vat olie $110,liter benzine ‚Ç¨1,85 . 2021: vat olie $80,liter benzine ‚Ç¨2,01 Hoezo ge‚Ä¶,,,,,,,,,,,,,,,,,,,,,,,,,,,,,,,Waarom #inflatie slecht is! http://t.co/DTnTzyy0PA
Ben het eens met Mona Keizer, maar het is een zeer onbeschofte actie. #jinek,,,,,,,,,,,,,,,,,,,,,,,,,,,,,,,,,,RT @Protect_World16: Rarara wat klopt hier niet . 2015: vat olie $110liter benzine ‚Ç¨1
Dat heet #inflatie. Logisch als er zoveel geld in de economie gepompt wordt zonder dekking. 2022 #hyperinflatie? https://t.co/96sKE1K7x5,,,,,,,,,,,,,,,,,,,,,,,,,,,,,,,,,,,Ben het eens met Mona Keizer maar het is een zeer onbeschofte actie. #jinek
O wacht... nog niet afgelopen. #jinek #Rutte https://t.co/HxfBu5OU2B,,,,,,,,,,,,,,,,,,,,,,,,,,,,,,,,,,,Dat heet #inflatie. Logisch als er zoveel geld in de economie gepompt wordt zonder dekking. 2022 #hyperinflatie? https://t.co/96sKE1K7x5
Het gesprek verloopt allesbehalve soepeltjes en daar haakt LuckyTV lekker op in. https://t.co/KXONqeaRD5 #rtlboulevard #jinek,,,,,,,,,,,,,,,,,,,,,,,,,,,,,,,,,,,O wacht... nog niet afgelopen. #jinek #Rutte https://t.co/HxfBu5OU2B
CBS: #inflatie 2013 was 2,5%. #Huurverhogingen 2014 dus gelijk aan vorig jaar.,,,,,,,,,,,,,,,,,,,,,,,,,,,,,,,,,,Het gesprek verloopt allesbehalve soepeltjes en daar haakt LuckyTV lekker op in. https://t.co/KXONqeaRD5 #rtlboulevard #jinek
RT @jellehiemstra7: Het is erg wat Kaag is overkomen met doodsbedreiging maar haar partij  onderschat al17 jaar van talloze doodsbedreiging‚Ä¶,,,,,,,,,,,,,,,,,,,,,,,,,,,,,,,,,,,CBS: #inflatie 2013 was 25%. #Huurverhogingen 2014 dus gelijk aan vorig jaar.
@your_earth_8 @sillysylwills @1204_wwhandsome @BTS_twt #Yours_Jin #SuperTuna_Jin #Jinek,,,,,,,,,,,,,,,,,,,,,,,,,,,,,,,,,,,RT @jellehiemstra7: Het is erg wat Kaag is overkomen met doodsbedreiging maar haar partij  onderschat al17 jaar van talloze doodsbedreiging‚Ä¶
#jinek nemen we nu echt die dwaas van #Denk serieus? Holle vaten klinken het hardst, #Azarkan.,,,,,,,,,,,,,,,,,,,,,,,,,,,,,,,,,,@your_earth_8 @sillysylwills @1204_wwhandsome @BTS_twt #Yours_Jin #SuperTuna_Jin #Jinek
@HellingsTony #jinek verspreidt #fakenieuws, het filmpje wat ze tonen is idd knen plakwerk geweest dit is al bevestigd doot @THiddema , dit noemen we dus laster. Genoeg reden om @RTL en @Jinek_RTL voor het gerecht tr slepen voor verspreiden van smaad.,,,,,,,,,,,,,,,,,,,,,,,,,,,,,,,,,#jinek nemen we nu echt die dwaas van #Denk serieus? Holle vaten klinken het hardst #Azarkan.
RT @Evelyn__020: Zo, Caroline vd Plas kan een berg onzin uitkramen, g√™nant. Het punt van de advocaat, dat vrije keuzes ook consequenties he‚Ä¶,,,,,,,,,,,,,,,,,,,,,,,,,,,,,,,,@HellingsTony #jinek verspreidt #fakenieuws het filmpje wat ze tonen is idd knen plakwerk geweest dit is al bevestigd doot @THiddema 
Epideminoloog Jack van Gelder snijdt hier wel enigszins hout, dunkt mij  Misschien geen boom maar toch zeker wel een splinter...  #jinek https://t.co/bfW4eqbkgg,,,,,,,,,,,,,,,,,,,,,,,,,,,,,,,,,,RT @Evelyn__020: Zo Caroline vd Plas kan een berg onzin uitkramen
RT @vegetariersbond: 52.000+ mensen voor je tekenden onze #petitie al!  https://t.co/hWKvnNY6ua  Ons @tappcoalitie plan is veel meer dan al‚Ä¶,,,,,,,,,,,,,,,,,,,,,,,,,,,,,,,,,,,Epideminoloog Jack van Gelder snijdt hier wel enigszins hout dunkt mij  Misschien geen boom maar toch zeker wel een splinter...  #jinek https://t.co/bfW4eqbkgg
‚ÄôAanval Oekra√Øne heeft gigantisch effect op onze economie‚Äô https://t.co/GzoFpaSTO4 via @telegraaf #Oekraine #OekraineCrisis #Kiew #kiev #consulaat #vluchtelingen #inflatie,,,,,,,,,,,,,,,,,,,,,,,,,,,,,,,,,,,RT @vegetariersbond: 52.000+ mensen voor je tekenden onze #petitie al!  https://t.co/hWKvnNY6ua  Ons @tappcoalitie plan is veel meer dan al‚Ä¶
#Agoria: Inflatie opnieuw richting 3% - #inflatie in augustus bijna helft hoger dan in Duitsland http://t.co/OXeXxnSz via @sharethis,,,,,,,,,,,,,,,,,,,,,,,,,,,,,,,,,,,‚ÄôAanval Oekra√Øne heeft gigantisch effect op onze economie‚Äô https://t.co/GzoFpaSTO4 via @telegraaf #Oekraine #OekraineCrisis #Kiew #kiev #consulaat #vluchtelingen #inflatie
RT @OlifaNT: Gommers bij #Jinek   Is de angst voor #codezwart bij u weggenomen?  Gommers: Nee. https://t.co/3GeBfbHQqQ,,,,,,,,,,,,,,,,,,,,,,,,,,,,,,,,,,,#Agoria: Inflatie opnieuw richting 3% - #inflatie in augustus bijna helft hoger dan in Duitsland http://t.co/OXeXxnSz via @sharethis
Stuk van 'comedian' Martijn Koning gingen alle grenzen voorbij. #jinek,,,,,,,,,,,,,,,,,,,,,,,,,,,,,,,,,,,RT @OlifaNT: Gommers bij #Jinek   Is de angst voor #codezwart bij u weggenomen?  Gommers: Nee. https://t.co/3GeBfbHQqQ
RT @PrinsesChrissie: #Spong herhaalt verzoek over zaak-Wilders #jinek  https://t.co/jQFyjGCYFR,,,,,,,,,,,,,,,,,,,,,,,,,,,,,,,,,,,Stuk van 'comedian' Martijn Koning gingen alle grenzen voorbij. #jinek
Wat een sneue ziel #Baudet @thierrybaudet #Jinek.. Volkomen incompetent voor een publieke functie in de politiek..,,,,,,,,,,,,,,,,,,,,,,,,,,,,,,,,,,,RT @PrinsesChrissie: #Spong herhaalt verzoek over zaak-Wilders #jinek  https://t.co/jQFyjGCYFR
Stelletje gekken die #youp #plasman #jinek,,,,,,,,,,,,,,,,,,,,,,,,,,,,,,,,,,,Wat een sneue ziel #Baudet @thierrybaudet #Jinek.. Volkomen incompetent voor een publieke functie in de politiek..
RT @hollandgold: Fed streeft naar meer inflatie, wat nu? https://t.co/9IJ4UU80to  #fed #inflatie https://t.co/4Wloitxbf6,,,,,,,,,,,,,,,,,,,,,,,,,,,,,,,,,,Stelletje gekken die #youp #plasman #jinek
#jinek wie denk die Teun wel niet wie hij is.. mafkees,,,,,,,,,,,,,,,,,,,,,,,,,,,,,,,,,,,RT @hollandgold: Fed streeft naar meer inflatie wat nu? https://t.co/9IJ4UU80to  #fed #inflatie https://t.co/4Wloitxbf6
,,,,,,,,,,,,,,,,,,,,,,,,,,,,,,,,,,,#jinek wie denk die Teun wel niet wie hij is.. mafkees
